/*!40101 SET @OLD_CHARACTER_SET_CLIENT=@@CHARACTER_SET_CLIENT */;
/*!40101 SET @OLD_CHARACTER_SET_RESULTS=@@CHARACTER_SET_RESULTS */;
/*!40101 SET @OLD_COLLATION_CONNECTION=@@COLLATION_CONNECTION */;
/*!40101 SET NAMES utf8mb4 */;
/*!40014 SET @OLD_UNIQUE_CHECKS=@@UNIQUE_CHECKS, UNIQUE_CHECKS=0 */;
/*!40014 SET @OLD_FOREIGN_KEY_CHECKS=@@FOREIGN_KEY_CHECKS, FOREIGN_KEY_CHECKS=0 */;
/*!40101 SET @OLD_SQL_MODE=@@SQL_MODE, SQL_MODE='NO_AUTO_VALUE_ON_ZERO' */;
/*!40111 SET @OLD_SQL_NOTES=@@SQL_NOTES, SQL_NOTES=0 */;

DROP TABLE IF EXISTS `Attendance`;
CREATE TABLE `Attendance` (
  `attendance_id` int NOT NULL AUTO_INCREMENT,
  `student_id` int NOT NULL,
  `journey_id` int NOT NULL,
  `boarded` datetime DEFAULT NULL,
  `alighted` datetime DEFAULT NULL,
  `status` enum('boarded','alighted','not alighted','completed') DEFAULT 'boarded',
  PRIMARY KEY (`attendance_id`),
  KEY `student_id` (`student_id`),
  KEY `journey_id` (`journey_id`),
  CONSTRAINT `Attendance_ibfk_1` FOREIGN KEY (`student_id`) REFERENCES `Student` (`student_id`),
  CONSTRAINT `Attendance_ibfk_2` FOREIGN KEY (`journey_id`) REFERENCES `Journey` (`journey_id`)
) ENGINE=InnoDB AUTO_INCREMENT=275 DEFAULT CHARSET=utf8mb4 COLLATE=utf8mb4_0900_ai_ci;

DROP TABLE IF EXISTS `Bus`;
CREATE TABLE `Bus` (
  `bus_id` int NOT NULL AUTO_INCREMENT,
  `driver_id` int DEFAULT NULL,
  `teacher_id` int DEFAULT NULL,
  `capacity` int NOT NULL,
  `license_plate` varchar(50) NOT NULL,
  `current_location` point DEFAULT NULL,
  `status` enum('ongoing','stopped') DEFAULT NULL,
  PRIMARY KEY (`bus_id`),
  KEY `driver_id` (`driver_id`),
  KEY `teacher_id` (`teacher_id`),
  CONSTRAINT `Bus_ibfk_1` FOREIGN KEY (`driver_id`) REFERENCES `Driver` (`driver_id`),
  CONSTRAINT `Bus_ibfk_2` FOREIGN KEY (`teacher_id`) REFERENCES `Teacher` (`teacher_id`)
) ENGINE=InnoDB AUTO_INCREMENT=11 DEFAULT CHARSET=utf8mb4 COLLATE=utf8mb4_0900_ai_ci;

DROP TABLE IF EXISTS `Driver`;
CREATE TABLE `Driver` (
  `driver_id` int NOT NULL AUTO_INCREMENT,
  `user_id` int NOT NULL,
  `license_number` varchar(50) NOT NULL,
  PRIMARY KEY (`driver_id`),
  KEY `user_id` (`user_id`),
  CONSTRAINT `Driver_ibfk_1` FOREIGN KEY (`user_id`) REFERENCES `User` (`user_id`)
) ENGINE=InnoDB AUTO_INCREMENT=11 DEFAULT CHARSET=utf8mb4 COLLATE=utf8mb4_0900_ai_ci;

DROP TABLE IF EXISTS `Journey`;
CREATE TABLE `Journey` (
  `journey_id` int NOT NULL AUTO_INCREMENT,
  `bus_id` int NOT NULL,
  `start_time` datetime NOT NULL,
  `end_time` datetime DEFAULT NULL,
  `status` enum('ongoing','completed') NOT NULL,
  PRIMARY KEY (`journey_id`),
  KEY `bus_id` (`bus_id`),
  CONSTRAINT `Journey_ibfk_1` FOREIGN KEY (`bus_id`) REFERENCES `Bus` (`bus_id`)
) ENGINE=InnoDB AUTO_INCREMENT=17 DEFAULT CHARSET=utf8mb4 COLLATE=utf8mb4_0900_ai_ci;

DROP TABLE IF EXISTS `Notification`;
CREATE TABLE `Notification` (
  `notification_id` int NOT NULL AUTO_INCREMENT,
  `attendance_id` int NOT NULL,
  `time_stamp` datetime NOT NULL,
  `message` varchar(255) NOT NULL,
  `image` text,
  `status` enum('common','alert') NOT NULL,
  PRIMARY KEY (`notification_id`),
  KEY `attendance_id` (`attendance_id`),
  CONSTRAINT `Notification_ibfk_1` FOREIGN KEY (`attendance_id`) REFERENCES `Attendance` (`attendance_id`)
) ENGINE=InnoDB AUTO_INCREMENT=502 DEFAULT CHARSET=utf8mb4 COLLATE=utf8mb4_0900_ai_ci;

DROP TABLE IF EXISTS `Parent`;
CREATE TABLE `Parent` (
  `parent_id` int NOT NULL AUTO_INCREMENT,
  `user_id` int NOT NULL,
  `address` varchar(255) NOT NULL,
  `relationship` enum('Father','Mother','Other') NOT NULL,
  PRIMARY KEY (`parent_id`),
  KEY `user_id` (`user_id`),
  CONSTRAINT `Parent_ibfk_1` FOREIGN KEY (`user_id`) REFERENCES `User` (`user_id`)
) ENGINE=InnoDB AUTO_INCREMENT=101 DEFAULT CHARSET=utf8mb4 COLLATE=utf8mb4_0900_ai_ci;

DROP TABLE IF EXISTS `Role`;
CREATE TABLE `Role` (
  `role_id` int NOT NULL AUTO_INCREMENT,
  `role_name` varchar(255) NOT NULL,
  PRIMARY KEY (`role_id`)
) ENGINE=InnoDB AUTO_INCREMENT=5 DEFAULT CHARSET=utf8mb4 COLLATE=utf8mb4_0900_ai_ci;

DROP TABLE IF EXISTS `Student`;
CREATE TABLE `Student` (
  `student_id` int NOT NULL AUTO_INCREMENT,
  `name` varchar(255) NOT NULL,
  `class` varchar(50) NOT NULL,
  `teacher_id` int DEFAULT NULL,
  `driver_id` int DEFAULT NULL,
  `avatar` text,
  `feature_vector` text,
  PRIMARY KEY (`student_id`),
  KEY `teacher_id` (`teacher_id`),
  KEY `driver_id` (`driver_id`),
  CONSTRAINT `Student_ibfk_1` FOREIGN KEY (`teacher_id`) REFERENCES `Teacher` (`teacher_id`),
  CONSTRAINT `Student_ibfk_2` FOREIGN KEY (`driver_id`) REFERENCES `Driver` (`driver_id`)
) ENGINE=InnoDB AUTO_INCREMENT=61 DEFAULT CHARSET=utf8mb4 COLLATE=utf8mb4_0900_ai_ci;

DROP TABLE IF EXISTS `Student_Parent`;
CREATE TABLE `Student_Parent` (
  `student_id` int NOT NULL,
  `parent_id` int NOT NULL,
  PRIMARY KEY (`student_id`,`parent_id`),
  KEY `parent_id` (`parent_id`),
  CONSTRAINT `Student_Parent_ibfk_1` FOREIGN KEY (`student_id`) REFERENCES `Student` (`student_id`),
  CONSTRAINT `Student_Parent_ibfk_2` FOREIGN KEY (`parent_id`) REFERENCES `Parent` (`parent_id`)
) ENGINE=InnoDB DEFAULT CHARSET=utf8mb4 COLLATE=utf8mb4_0900_ai_ci;

DROP TABLE IF EXISTS `Teacher`;
CREATE TABLE `Teacher` (
  `teacher_id` int NOT NULL AUTO_INCREMENT,
  `user_id` int NOT NULL,
  `department` varchar(255) NOT NULL,
  PRIMARY KEY (`teacher_id`),
  KEY `user_id` (`user_id`),
  CONSTRAINT `Teacher_ibfk_1` FOREIGN KEY (`user_id`) REFERENCES `User` (`user_id`)
) ENGINE=InnoDB AUTO_INCREMENT=11 DEFAULT CHARSET=utf8mb4 COLLATE=utf8mb4_0900_ai_ci;

DROP TABLE IF EXISTS `User`;
CREATE TABLE `User` (
  `user_id` int NOT NULL AUTO_INCREMENT,
  `role_id` int NOT NULL,
  `name` varchar(255) NOT NULL,
  `phone_number` varchar(15) NOT NULL,
  `email` varchar(255) NOT NULL,
  `password` varchar(255) NOT NULL,
  `refresh_token` text,
  PRIMARY KEY (`user_id`),
  KEY `role_id` (`role_id`),
  CONSTRAINT `User_ibfk_1` FOREIGN KEY (`role_id`) REFERENCES `Role` (`role_id`)
) ENGINE=InnoDB AUTO_INCREMENT=122 DEFAULT CHARSET=utf8mb4 COLLATE=utf8mb4_0900_ai_ci;

INSERT INTO `Attendance` (`attendance_id`, `student_id`, `journey_id`, `boarded`, `alighted`, `status`) VALUES
(1, 21, 1, '2024-10-06 07:07:00', '2024-10-06 07:53:00', 'completed');
INSERT INTO `Attendance` (`attendance_id`, `student_id`, `journey_id`, `boarded`, `alighted`, `status`) VALUES
(2, 16, 1, '2024-10-06 07:02:00', '2024-10-06 07:40:00', 'completed');
INSERT INTO `Attendance` (`attendance_id`, `student_id`, `journey_id`, `boarded`, `alighted`, `status`) VALUES
(3, 44, 1, '2024-10-06 07:09:00', '2024-10-06 07:49:00', 'completed');
INSERT INTO `Attendance` (`attendance_id`, `student_id`, `journey_id`, `boarded`, `alighted`, `status`) VALUES
(4, 41, 1, '2024-10-06 07:10:00', '2024-10-06 07:58:00', 'completed'),
(5, 50, 1, '2024-10-06 07:01:00', '2024-10-06 07:33:00', 'completed'),
(6, 37, 1, '2024-10-06 07:02:00', '2024-10-06 07:40:00', 'completed'),
(7, 60, 1, '2024-10-06 07:01:00', '2024-10-06 07:50:00', 'completed'),
(8, 29, 1, '2024-10-06 07:02:00', '2024-10-06 07:43:00', 'completed'),
(9, 39, 1, '2024-10-06 07:06:00', '2024-10-06 08:05:00', 'completed'),
(10, 20, 1, '2024-10-06 07:02:00', '2024-10-06 07:52:00', 'completed'),
(11, 19, 1, '2024-10-06 07:02:00', '2024-10-06 07:57:00', 'completed'),
(12, 48, 1, '2024-10-06 07:03:00', '2024-10-06 07:42:00', 'completed'),
(13, 33, 1, '2024-10-06 07:03:00', '2024-10-06 07:34:00', 'completed'),
(14, 24, 1, '2024-10-06 07:00:00', '2024-10-06 07:46:00', 'completed'),
(15, 18, 1, '2024-10-06 07:10:00', '2024-10-06 08:09:00', 'completed'),
(16, 1, 1, '2024-10-06 07:03:00', '2024-10-06 07:42:00', 'completed'),
(17, 32, 2, '2024-10-06 07:02:00', '2024-10-06 07:37:00', 'completed'),
(18, 26, 2, '2024-10-06 07:05:00', '2024-10-06 08:02:00', 'completed'),
(19, 57, 2, '2024-10-06 07:08:00', '2024-10-06 07:59:00', 'completed'),
(20, 14, 2, '2024-10-06 07:09:00', '2024-10-06 08:06:00', 'completed'),
(21, 59, 2, '2024-10-06 07:04:00', '2024-10-06 07:43:00', 'completed'),
(22, 58, 2, '2024-10-06 07:09:00', '2024-10-06 07:53:00', 'completed'),
(23, 7, 2, '2024-10-06 07:08:00', '2024-10-06 07:48:00', 'completed'),
(24, 22, 2, '2024-10-06 07:05:00', '2024-10-06 07:35:00', 'completed'),
(25, 46, 2, '2024-10-06 07:08:00', '2024-10-06 07:50:00', 'completed'),
(26, 29, 2, '2024-10-06 07:04:00', '2024-10-06 07:47:00', 'completed'),
(27, 27, 2, '2024-10-06 07:08:00', '2024-10-06 08:06:00', 'completed'),
(28, 9, 2, '2024-10-06 07:07:00', '2024-10-06 07:40:00', 'completed'),
(29, 35, 2, '2024-10-06 07:05:00', '2024-10-06 07:47:00', 'completed'),
(30, 12, 2, '2024-10-06 07:08:00', '2024-10-06 08:07:00', 'completed'),
(31, 2, 2, '2024-10-06 07:02:00', '2024-10-06 07:54:00', 'completed'),
(32, 44, 2, '2024-10-06 07:07:00', '2024-10-06 07:48:00', 'completed'),
(33, 36, 3, '2024-10-06 07:09:00', '2024-10-06 08:01:00', 'completed'),
(34, 55, 3, '2024-10-06 07:04:00', '2024-10-06 07:52:00', 'completed'),
(35, 11, 3, '2024-10-06 07:09:00', '2024-10-06 07:59:00', 'completed'),
(36, 1, 3, '2024-10-06 07:09:00', '2024-10-06 07:56:00', 'completed'),
(37, 21, 3, '2024-10-06 07:03:00', '2024-10-06 07:36:00', 'completed'),
(38, 10, 3, '2024-10-06 07:09:00', '2024-10-06 07:50:00', 'completed'),
(39, 9, 3, '2024-10-06 07:04:00', '2024-10-06 07:42:00', 'completed'),
(40, 14, 3, '2024-10-06 07:00:00', '2024-10-06 07:30:00', 'completed'),
(41, 56, 3, '2024-10-06 07:06:00', '2024-10-06 07:39:00', 'completed'),
(42, 16, 3, '2024-10-06 07:04:00', '2024-10-06 07:48:00', 'completed'),
(43, 39, 3, '2024-10-06 07:08:00', '2024-10-06 07:44:00', 'completed'),
(44, 50, 3, '2024-10-06 07:04:00', '2024-10-06 08:02:00', 'completed'),
(45, 13, 3, '2024-10-06 07:05:00', '2024-10-06 07:59:00', 'completed'),
(46, 42, 3, '2024-10-06 07:08:00', '2024-10-06 07:54:00', 'completed'),
(47, 58, 3, '2024-10-06 07:06:00', '2024-10-06 07:49:00', 'completed'),
(48, 43, 3, '2024-10-06 07:03:00', '2024-10-06 07:49:00', 'completed'),
(49, 59, 4, '2024-10-06 16:33:00', '2024-10-06 17:28:00', 'completed'),
(50, 2, 4, '2024-10-06 16:35:00', '2024-10-06 17:26:00', 'completed'),
(51, 12, 4, '2024-10-06 16:32:00', '2024-10-06 17:07:00', 'completed'),
(52, 26, 4, '2024-10-06 16:40:00', '2024-10-06 17:13:00', 'completed'),
(53, 28, 4, '2024-10-06 16:37:00', '2024-10-06 17:32:00', 'completed'),
(54, 3, 4, '2024-10-06 16:36:00', '2024-10-06 17:18:00', 'completed'),
(55, 9, 4, '2024-10-06 16:39:00', '2024-10-06 17:14:00', 'completed'),
(56, 32, 4, '2024-10-06 16:34:00', '2024-10-06 17:06:00', 'completed'),
(57, 10, 4, '2024-10-06 16:37:00', '2024-10-06 17:25:00', 'completed'),
(58, 49, 4, '2024-10-06 16:38:00', '2024-10-06 17:28:00', 'completed'),
(59, 42, 4, '2024-10-06 16:36:00', '2024-10-06 17:25:00', 'completed'),
(60, 16, 4, '2024-10-06 16:39:00', '2024-10-06 17:17:00', 'completed'),
(61, 36, 4, '2024-10-06 16:30:00', '2024-10-06 17:07:00', 'completed'),
(62, 7, 4, '2024-10-06 16:39:00', '2024-10-06 17:15:00', 'completed'),
(63, 38, 4, '2024-10-06 16:31:00', '2024-10-06 17:06:00', 'completed'),
(64, 29, 4, '2024-10-06 16:34:00', '2024-10-06 17:15:00', 'completed'),
(65, 56, 5, '2024-10-06 16:39:00', '2024-10-06 17:36:00', 'completed'),
(66, 32, 5, '2024-10-06 16:34:00', '2024-10-06 17:30:00', 'completed'),
(67, 25, 5, '2024-10-06 16:35:00', '2024-10-06 17:20:00', 'completed'),
(68, 18, 5, '2024-10-06 16:36:00', '2024-10-06 17:19:00', 'completed'),
(69, 2, 5, '2024-10-06 16:30:00', '2024-10-06 17:12:00', 'completed'),
(70, 27, 5, '2024-10-06 16:33:00', '2024-10-06 17:03:00', 'completed'),
(71, 22, 5, '2024-10-06 16:34:00', '2024-10-06 17:09:00', 'completed'),
(72, 35, 5, '2024-10-06 16:38:00', '2024-10-06 17:29:00', 'completed'),
(73, 39, 5, '2024-10-06 16:32:00', '2024-10-06 17:12:00', 'completed'),
(74, 16, 5, '2024-10-06 16:40:00', '2024-10-06 17:37:00', 'completed'),
(75, 26, 5, '2024-10-06 16:37:00', '2024-10-06 17:09:00', 'completed'),
(76, 36, 5, '2024-10-06 16:36:00', '2024-10-06 17:25:00', 'completed'),
(77, 41, 5, '2024-10-06 16:35:00', '2024-10-06 17:09:00', 'completed'),
(78, 55, 5, '2024-10-06 16:37:00', '2024-10-06 17:26:00', 'completed'),
(79, 30, 5, '2024-10-06 16:37:00', '2024-10-06 17:18:00', 'completed'),
(80, 15, 5, '2024-10-06 16:39:00', '2024-10-06 17:35:00', 'completed'),
(81, 48, 6, '2024-10-06 16:39:00', '2024-10-06 17:31:00', 'completed'),
(82, 57, 6, '2024-10-06 16:37:00', '2024-10-06 17:27:00', 'completed'),
(83, 47, 6, '2024-10-06 16:30:00', '2024-10-06 17:07:00', 'completed'),
(84, 25, 6, '2024-10-06 16:35:00', '2024-10-06 17:20:00', 'completed'),
(85, 49, 6, '2024-10-06 16:39:00', '2024-10-06 17:35:00', 'completed'),
(86, 55, 6, '2024-10-06 16:31:00', '2024-10-06 17:03:00', 'completed'),
(87, 18, 6, '2024-10-06 16:31:00', '2024-10-06 17:18:00', 'completed'),
(88, 45, 6, '2024-10-06 16:39:00', '2024-10-06 17:34:00', 'completed'),
(89, 37, 6, '2024-10-06 16:36:00', '2024-10-06 17:25:00', 'completed'),
(90, 58, 6, '2024-10-06 16:34:00', '2024-10-06 17:04:00', 'completed'),
(91, 53, 6, '2024-10-06 16:30:00', '2024-10-06 17:21:00', 'completed'),
(92, 23, 6, '2024-10-06 16:38:00', '2024-10-06 17:35:00', 'completed'),
(93, 42, 6, '2024-10-06 16:30:00', '2024-10-06 17:27:00', 'completed'),
(94, 21, 6, '2024-10-06 16:38:00', '2024-10-06 17:35:00', 'completed'),
(95, 4, 6, '2024-10-06 16:34:00', '2024-10-06 17:31:00', 'completed'),
(96, 13, 6, '2024-10-06 16:33:00', '2024-10-06 17:19:00', 'completed'),
(97, 18, 7, '2024-10-07 07:01:00', '2024-10-07 07:31:00', 'completed'),
(98, 29, 7, '2024-10-07 07:03:00', '2024-10-07 07:36:00', 'completed'),
(99, 9, 7, '2024-10-07 07:02:00', '2024-10-07 07:51:00', 'completed'),
(100, 38, 7, '2024-10-07 07:08:00', '2024-10-07 07:46:00', 'completed'),
(101, 43, 7, '2024-10-07 07:05:00', '2024-10-07 07:50:00', 'completed'),
(102, 35, 7, '2024-10-07 07:08:00', '2024-10-07 07:56:00', 'completed'),
(103, 8, 7, '2024-10-07 07:10:00', '2024-10-07 07:43:00', 'completed'),
(104, 59, 7, '2024-10-07 07:09:00', '2024-10-07 07:44:00', 'completed'),
(105, 34, 7, '2024-10-07 07:07:00', '2024-10-07 08:07:00', 'completed'),
(106, 12, 7, '2024-10-07 07:06:00', '2024-10-07 08:01:00', 'completed'),
(107, 13, 7, '2024-10-07 07:04:00', '2024-10-07 07:46:00', 'completed'),
(108, 51, 7, '2024-10-07 07:00:00', '2024-10-07 07:46:00', 'completed'),
(109, 44, 7, '2024-10-07 07:10:00', '2024-10-07 08:01:00', 'completed'),
(110, 11, 7, '2024-10-07 07:05:00', '2024-10-07 07:56:00', 'completed'),
(111, 53, 7, '2024-10-07 07:01:00', '2024-10-07 08:00:00', 'completed'),
(112, 20, 7, '2024-10-07 07:08:00', '2024-10-07 07:39:00', 'completed'),
(113, 24, 7, '2024-10-07 07:05:00', '2024-10-07 07:51:00', 'completed'),
(114, 60, 7, '2024-10-07 07:02:00', '2024-10-07 07:56:00', 'completed'),
(115, 3, 7, '2024-10-07 07:05:00', '2024-10-07 07:42:00', 'completed'),
(116, 32, 7, '2024-10-07 07:01:00', '2024-10-07 07:57:00', 'completed'),
(117, 31, 7, '2024-10-07 07:10:00', '2024-10-07 07:42:00', 'completed'),
(118, 22, 7, '2024-10-07 07:04:00', '2024-10-07 07:52:00', 'completed'),
(119, 17, 7, '2024-10-07 07:00:00', '2024-10-07 07:41:00', 'completed'),
(120, 25, 7, '2024-10-07 07:04:00', '2024-10-07 07:59:00', 'completed'),
(121, 48, 7, '2024-10-07 07:09:00', '2024-10-07 07:49:00', 'completed'),
(122, 27, 7, '2024-10-07 07:00:00', '2024-10-07 07:39:00', 'completed'),
(123, 50, 7, '2024-10-07 07:10:00', '2024-10-07 07:53:00', 'completed'),
(124, 37, 7, '2024-10-07 07:09:00', '2024-10-07 07:41:00', 'completed'),
(125, 19, 7, '2024-10-07 07:09:00', '2024-10-07 08:05:00', 'completed'),
(126, 15, 8, '2024-10-07 07:05:00', '2024-10-07 08:04:00', 'completed'),
(127, 60, 8, '2024-10-07 07:07:00', '2024-10-07 08:07:00', 'completed'),
(128, 32, 8, '2024-10-07 07:07:00', '2024-10-07 07:44:00', 'completed'),
(129, 48, 8, '2024-10-07 07:06:00', '2024-10-07 07:58:00', 'completed'),
(130, 34, 8, '2024-10-07 07:01:00', '2024-10-07 07:40:00', 'completed'),
(131, 30, 8, '2024-10-07 07:08:00', '2024-10-07 08:06:00', 'completed'),
(132, 40, 8, '2024-10-07 07:01:00', '2024-10-07 07:32:00', 'completed'),
(133, 42, 8, '2024-10-07 07:03:00', '2024-10-07 07:59:00', 'completed'),
(134, 38, 8, '2024-10-07 07:00:00', '2024-10-07 07:54:00', 'completed'),
(135, 6, 8, '2024-10-07 07:05:00', '2024-10-07 07:50:00', 'completed'),
(136, 11, 8, '2024-10-07 07:03:00', '2024-10-07 07:38:00', 'completed'),
(137, 23, 8, '2024-10-07 07:08:00', '2024-10-07 08:03:00', 'completed'),
(138, 4, 8, '2024-10-07 07:08:00', '2024-10-07 08:05:00', 'completed'),
(139, 46, 8, '2024-10-07 07:04:00', '2024-10-07 08:00:00', 'completed'),
(140, 49, 8, '2024-10-07 07:03:00', '2024-10-07 07:36:00', 'completed'),
(141, 55, 8, '2024-10-07 07:00:00', '2024-10-07 07:38:00', 'completed'),
(142, 41, 9, '2024-10-07 07:04:00', '2024-10-07 08:02:00', 'completed'),
(143, 37, 9, '2024-10-07 07:06:00', '2024-10-07 07:54:00', 'completed'),
(144, 15, 9, '2024-10-07 07:01:00', '2024-10-07 07:31:00', 'completed'),
(145, 17, 9, '2024-10-07 07:04:00', '2024-10-07 07:57:00', 'completed'),
(146, 7, 9, '2024-10-07 07:01:00', '2024-10-07 07:36:00', 'completed'),
(147, 51, 9, '2024-10-07 07:05:00', '2024-10-07 07:50:00', 'completed'),
(148, 26, 9, '2024-10-07 07:05:00', '2024-10-07 07:57:00', 'completed'),
(149, 22, 9, '2024-10-07 07:10:00', '2024-10-07 08:00:00', 'completed'),
(150, 49, 9, '2024-10-07 07:04:00', '2024-10-07 07:49:00', 'completed'),
(151, 42, 9, '2024-10-07 07:02:00', '2024-10-07 07:33:00', 'completed'),
(152, 19, 9, '2024-10-07 07:08:00', '2024-10-07 07:50:00', 'completed'),
(153, 47, 9, '2024-10-07 07:01:00', '2024-10-07 07:40:00', 'completed'),
(154, 56, 9, '2024-10-07 07:04:00', '2024-10-07 07:35:00', 'completed'),
(155, 48, 9, '2024-10-07 07:10:00', '2024-10-07 07:40:00', 'completed'),
(156, 59, 9, '2024-10-07 07:08:00', '2024-10-07 08:06:00', 'completed'),
(157, 36, 9, '2024-10-07 07:01:00', '2024-10-07 07:34:00', 'completed'),
(158, 49, 10, '2024-10-07 16:30:00', '2024-10-07 17:02:00', 'completed'),
(159, 54, 10, '2024-10-07 16:40:00', '2024-10-07 17:26:00', 'completed'),
(160, 46, 10, '2024-10-07 16:39:00', '2024-10-07 17:33:00', 'completed'),
(161, 1, 10, '2024-10-07 16:38:00', '2024-10-07 17:28:00', 'completed'),
(162, 22, 10, '2024-10-07 16:40:00', '2024-10-07 17:34:00', 'completed'),
(163, 44, 10, '2024-10-07 16:30:00', '2024-10-07 17:15:00', 'completed'),
(164, 20, 10, '2024-10-07 16:36:00', '2024-10-07 17:23:00', 'completed'),
(165, 50, 10, '2024-10-07 16:36:00', '2024-10-07 17:23:00', 'completed'),
(166, 43, 10, '2024-10-07 16:38:00', '2024-10-07 17:29:00', 'completed'),
(167, 15, 10, '2024-10-07 16:37:00', '2024-10-07 17:34:00', 'completed'),
(168, 14, 10, '2024-10-07 16:37:00', '2024-10-07 17:15:00', 'completed'),
(169, 17, 10, '2024-10-07 16:38:00', '2024-10-07 17:29:00', 'completed'),
(170, 10, 10, '2024-10-07 16:40:00', '2024-10-07 17:11:00', 'completed'),
(171, 23, 10, '2024-10-07 16:37:00', '2024-10-07 17:24:00', 'completed'),
(172, 42, 10, '2024-10-07 16:31:00', '2024-10-07 17:11:00', 'completed'),
(173, 5, 10, '2024-10-07 16:39:00', '2024-10-07 17:33:00', 'completed'),
(174, 36, 11, '2024-10-07 17:40:00', '2024-10-07 18:23:00', 'completed'),
(175, 42, 11, '2024-10-07 17:40:00', '2024-10-07 18:11:00', 'completed'),
(176, 5, 11, '2024-10-07 17:34:00', '2024-10-07 18:13:00', 'completed'),
(177, 6, 11, '2024-10-07 17:33:00', '2024-10-07 18:24:00', 'completed'),
(178, 37, 11, '2024-10-07 17:37:00', '2024-10-07 18:37:00', 'completed'),
(179, 17, 11, '2024-10-07 17:37:00', '2024-10-07 18:28:00', 'completed'),
(180, 55, 11, '2024-10-07 17:32:00', '2024-10-07 18:26:00', 'completed'),
(181, 33, 11, '2024-10-07 17:40:00', '2024-10-07 18:13:00', 'completed'),
(182, 21, 11, '2024-10-07 17:37:00', '2024-10-07 18:29:00', 'completed'),
(183, 1, 11, '2024-10-07 17:30:00', '2024-10-07 18:12:00', 'completed'),
(184, 54, 11, '2024-10-07 17:37:00', '2024-10-07 18:08:00', 'completed'),
(185, 44, 11, '2024-10-07 17:32:00', '2024-10-07 18:04:00', 'completed'),
(186, 27, 11, '2024-10-07 17:32:00', '2024-10-07 18:07:00', 'completed'),
(187, 58, 11, '2024-10-07 17:39:00', '2024-10-07 18:10:00', 'completed'),
(188, 11, 11, '2024-10-07 17:36:00', '2024-10-07 18:30:00', 'completed'),
(189, 53, 11, '2024-10-07 17:33:00', '2024-10-07 18:23:00', 'completed'),
(190, 2, 12, '2024-10-07 17:37:00', '2024-10-07 18:15:00', 'completed'),
(191, 8, 12, '2024-10-07 17:36:00', '2024-10-07 18:27:00', 'completed'),
(192, 11, 12, '2024-10-07 17:30:00', '2024-10-07 18:21:00', 'completed'),
(193, 27, 12, '2024-10-07 17:33:00', '2024-10-07 18:16:00', 'completed'),
(194, 58, 12, '2024-10-07 17:31:00', '2024-10-07 18:16:00', 'completed'),
(195, 56, 12, '2024-10-07 17:32:00', '2024-10-07 18:14:00', 'completed'),
(196, 39, 12, '2024-10-07 17:34:00', '2024-10-07 18:26:00', 'completed'),
(197, 17, 12, '2024-10-07 17:33:00', '2024-10-07 18:30:00', 'completed'),
(198, 55, 12, '2024-10-07 17:33:00', '2024-10-07 18:21:00', 'completed'),
(199, 57, 12, '2024-10-07 17:40:00', '2024-10-07 18:30:00', 'completed'),
(200, 34, 12, '2024-10-07 17:33:00', '2024-10-07 18:17:00', 'completed'),
(201, 35, 12, '2024-10-07 17:33:00', '2024-10-07 18:03:00', 'completed'),
(202, 37, 12, '2024-10-07 17:39:00', '2024-10-07 18:20:00', 'completed'),
(203, 3, 12, '2024-10-07 17:33:00', '2024-10-07 18:19:00', 'completed'),
(204, 30, 12, '2024-10-07 17:34:00', '2024-10-07 18:10:00', 'completed'),
(205, 10, 12, '2024-10-07 17:37:00', '2024-10-07 18:10:00', 'completed'),
(206, 54, 13, '2024-10-08 08:02:00', NULL, 'boarded'),
(207, 31, 13, '2024-10-08 08:01:00', NULL, 'boarded'),
(208, 39, 13, '2024-10-08 08:07:00', NULL, 'boarded'),
(209, 10, 13, '2024-10-08 08:06:00', NULL, 'boarded'),
(210, 25, 13, '2024-10-08 08:08:00', NULL, 'boarded'),
(211, 29, 13, '2024-10-08 08:08:00', NULL, 'boarded'),
(212, 59, 13, '2024-10-08 08:00:00', NULL, 'boarded'),
(213, 2, 13, '2024-10-08 08:08:00', NULL, 'boarded'),
(214, 14, 13, '2024-10-08 08:08:00', NULL, 'boarded'),
(215, 40, 13, '2024-10-08 08:08:00', NULL, 'boarded'),
(216, 60, 13, '2024-10-08 08:08:00', NULL, 'boarded'),
(217, 5, 13, '2024-10-08 08:04:00', NULL, 'boarded'),
(218, 7, 13, '2024-10-08 08:08:00', NULL, 'boarded'),
(219, 49, 13, '2024-10-08 08:01:00', NULL, 'boarded'),
(220, 9, 13, '2024-10-08 08:03:00', '2024-10-08 08:32:00', 'alighted'),
(221, 24, 13, '2024-10-08 08:06:00', '2024-10-08 08:21:00', 'alighted'),
(222, 22, 13, '2024-10-08 08:01:00', '2024-10-08 08:31:00', 'alighted'),
(223, 41, 13, '2024-10-08 08:07:00', '2024-10-08 08:37:00', 'alighted'),
(224, 38, 13, '2024-10-08 08:01:00', '2024-10-08 08:16:00', 'alighted'),
(225, 36, 13, '2024-10-08 08:07:00', '2024-10-08 08:23:00', 'alighted'),
(226, 16, 13, '2024-10-08 08:07:00', '2024-10-08 08:32:00', 'alighted'),
(227, 6, 13, '2024-10-08 08:04:00', '2024-10-08 08:33:00', 'alighted'),
(228, 3, 13, '2024-10-08 08:05:00', '2024-10-08 08:33:00', 'alighted'),
(229, 33, 13, '2024-10-08 08:02:00', '2024-10-08 08:17:00', 'alighted'),
(230, 43, 13, '2024-10-08 08:08:00', '2024-10-08 08:24:00', 'alighted'),
(231, 57, 13, '2024-10-08 08:06:00', '2024-10-08 08:25:00', 'alighted'),
(232, 46, 13, '2024-10-08 08:10:00', '2024-10-08 08:37:00', 'alighted'),
(233, 30, 13, '2024-10-08 08:04:00', '2024-10-08 08:23:00', 'alighted'),
(234, 18, 13, '2024-10-08 08:06:00', '2024-10-08 08:26:00', 'alighted'),
(235, 32, 14, '2024-10-08 16:40:00', NULL, 'boarded'),
(236, 37, 14, '2024-10-08 16:39:00', NULL, 'boarded'),
(237, 60, 14, '2024-10-08 16:37:00', NULL, 'boarded'),
(238, 57, 14, '2024-10-08 16:40:00', NULL, 'boarded'),
(239, 30, 14, '2024-10-08 16:32:00', NULL, 'boarded'),
(240, 14, 14, '2024-10-08 16:32:00', NULL, 'boarded'),
(241, 3, 14, '2024-10-08 16:40:00', NULL, 'boarded'),
(242, 55, 14, '2024-10-08 16:32:00', NULL, 'boarded'),
(243, 33, 14, '2024-10-08 16:40:00', NULL, 'boarded'),
(244, 11, 14, '2024-10-08 16:38:00', NULL, 'boarded'),
(245, 39, 14, '2024-10-08 16:30:00', NULL, 'boarded'),
(246, 7, 14, '2024-10-08 16:37:00', NULL, 'boarded'),
(247, 10, 14, '2024-10-08 16:38:00', NULL, 'boarded'),
(248, 48, 14, '2024-10-08 16:33:00', NULL, 'boarded'),
(249, 52, 14, '2024-10-08 16:37:00', NULL, 'boarded'),
(250, 31, 14, '2024-10-08 16:30:00', NULL, 'boarded'),
(251, 53, 15, '2024-10-08 16:38:00', NULL, 'boarded'),
(252, 18, 15, '2024-10-08 16:37:00', NULL, 'boarded'),
(253, 15, 15, '2024-10-08 16:39:00', NULL, 'boarded'),
(254, 27, 15, '2024-10-08 16:33:00', NULL, 'boarded'),
(255, 21, 15, '2024-10-08 16:40:00', NULL, 'boarded'),
(256, 19, 15, '2024-10-08 16:31:00', NULL, 'boarded'),
(257, 58, 15, '2024-10-08 16:31:00', NULL, 'boarded'),
(258, 2, 15, '2024-10-08 16:36:00', NULL, 'boarded'),
(259, 37, 15, '2024-10-08 16:33:00', NULL, 'boarded'),
(260, 49, 15, '2024-10-08 16:34:00', NULL, 'boarded'),
(261, 31, 15, '2024-10-08 16:36:00', NULL, 'boarded'),
(262, 54, 15, '2024-10-08 16:40:00', NULL, 'boarded'),
(263, 25, 15, '2024-10-08 16:35:00', NULL, 'boarded'),
(264, 48, 15, '2024-10-08 16:37:00', NULL, 'boarded'),
(265, 44, 15, '2024-10-08 16:33:00', NULL, 'boarded'),
(266, 7, 15, '2024-10-08 16:30:00', NULL, 'boarded'),
(268, 1, 16, '2024-10-08 23:14:42', '2024-10-08 23:21:48', 'alighted'),
(274, 2, 16, '2024-10-08 17:14:40', '2024-10-08 17:15:36', 'alighted');

INSERT INTO `Bus` (`bus_id`, `driver_id`, `teacher_id`, `capacity`, `license_plate`, `current_location`, `status`) VALUES
(1, 1, 1, 29, 'Jh-29855', ST_GeomFromText('POINT(-61.6864705 94.463186)'), 'ongoing');
INSERT INTO `Bus` (`bus_id`, `driver_id`, `teacher_id`, `capacity`, `license_plate`, `current_location`, `status`) VALUES
(2, 2, 2, 16, 'nD-98647', ST_GeomFromText('POINT(-19.0600505 101.323474)'), 'ongoing');
INSERT INTO `Bus` (`bus_id`, `driver_id`, `teacher_id`, `capacity`, `license_plate`, `current_location`, `status`) VALUES
(3, 3, 3, 16, 'pj-74434', ST_GeomFromText('POINT(39.347831 24.542593)'), 'ongoing');
INSERT INTO `Bus` (`bus_id`, `driver_id`, `teacher_id`, `capacity`, `license_plate`, `current_location`, `status`) VALUES
(4, 4, 4, 16, 'Tl-47723', ST_GeomFromText('POINT(-8.0042855 129.957199)'), 'stopped'),
(5, 5, 5, 16, 'AT-49324', ST_GeomFromText('POINT(-11.3332755 94.319089)'), 'stopped'),
(6, 6, 6, 16, 'Eu-12752', ST_GeomFromText('POINT(-0.6805115 -146.751435)'), 'stopped'),
(7, 7, 7, 29, 'rd-58438', ST_GeomFromText('POINT(4.229806 3.068675)'), 'stopped'),
(8, 8, 8, 16, 'Zm-98665', ST_GeomFromText('POINT(-74.585482 85.631117)'), 'stopped'),
(9, 9, 9, 16, 'Ch-37999', ST_GeomFromText('POINT(56.0547035 40.716198)'), 'stopped'),
(10, 10, 10, 29, 'UQ-51644', ST_GeomFromText('POINT(-18.1206455 71.493402)'), 'stopped');

INSERT INTO `Driver` (`driver_id`, `user_id`, `license_number`) VALUES
(1, 101, '107454242-664');
INSERT INTO `Driver` (`driver_id`, `user_id`, `license_number`) VALUES
(2, 102, '189164045-396');
INSERT INTO `Driver` (`driver_id`, `user_id`, `license_number`) VALUES
(3, 103, '737680862-448');
INSERT INTO `Driver` (`driver_id`, `user_id`, `license_number`) VALUES
(4, 104, '383582118-107'),
(5, 105, '263817029-453'),
(6, 106, '391239511-143'),
(7, 107, '301506410-158'),
(8, 108, '674495342-706'),
(9, 109, '977030570-667'),
(10, 110, '677071005-663');

INSERT INTO `Journey` (`journey_id`, `bus_id`, `start_time`, `end_time`, `status`) VALUES
(1, 3, '2024-10-06 07:00:00', '2024-10-06 07:40:00', 'completed');
INSERT INTO `Journey` (`journey_id`, `bus_id`, `start_time`, `end_time`, `status`) VALUES
(2, 3, '2024-10-06 07:00:00', '2024-10-06 07:31:00', 'completed');
INSERT INTO `Journey` (`journey_id`, `bus_id`, `start_time`, `end_time`, `status`) VALUES
(3, 3, '2024-10-06 07:00:00', '2024-10-06 07:42:00', 'completed');
INSERT INTO `Journey` (`journey_id`, `bus_id`, `start_time`, `end_time`, `status`) VALUES
(4, 3, '2024-10-06 16:30:00', '2024-10-06 17:02:00', 'completed'),
(5, 3, '2024-10-06 16:30:00', '2024-10-06 17:09:00', 'completed'),
(6, 2, '2024-10-06 16:30:00', '2024-10-06 17:14:00', 'completed'),
(7, 1, '2024-10-07 07:00:00', '2024-10-07 07:38:00', 'completed'),
(8, 2, '2024-10-07 07:00:00', '2024-10-07 07:41:00', 'completed'),
(9, 3, '2024-10-07 07:00:00', '2024-10-07 07:30:00', 'completed'),
(10, 3, '2024-10-07 16:30:00', '2024-10-07 17:13:00', 'completed'),
(11, 2, '2024-10-07 17:30:00', '2024-10-07 18:08:00', 'completed'),
(12, 2, '2024-10-07 17:30:00', '2024-10-07 18:03:00', 'completed'),
(13, 1, '2024-10-08 08:00:00', NULL, 'ongoing'),
(14, 2, '2024-10-08 16:30:00', NULL, 'completed'),
(15, 3, '2024-10-08 16:30:00', NULL, 'ongoing'),
(16, 2, '2024-10-08 16:30:00', NULL, 'ongoing');

INSERT INTO `Notification` (`notification_id`, `attendance_id`, `time_stamp`, `message`, `image`, `status`) VALUES
(1, 1, '2024-10-06 07:07:00', 'Amy Rodriguez has boarded the bus.', 'https://example.com/boarded/21.jpg', 'common');
INSERT INTO `Notification` (`notification_id`, `attendance_id`, `time_stamp`, `message`, `image`, `status`) VALUES
(2, 1, '2024-10-06 07:53:00', 'Amy Rodriguez has alighted from the bus.', 'https://example.com/alighted/21.jpg', 'common');
INSERT INTO `Notification` (`notification_id`, `attendance_id`, `time_stamp`, `message`, `image`, `status`) VALUES
(3, 2, '2024-10-06 07:02:00', 'Ray Morales has boarded the bus.', 'https://example.com/boarded/16.jpg', 'common');
INSERT INTO `Notification` (`notification_id`, `attendance_id`, `time_stamp`, `message`, `image`, `status`) VALUES
(4, 2, '2024-10-06 07:40:00', 'Ray Morales has alighted from the bus.', 'https://example.com/alighted/16.jpg', 'common'),
(5, 3, '2024-10-06 07:09:00', 'Ashley Bell has boarded the bus.', 'https://example.com/boarded/44.jpg', 'common'),
(6, 3, '2024-10-06 07:49:00', 'Ashley Bell has alighted from the bus.', 'https://example.com/alighted/44.jpg', 'common'),
(7, 4, '2024-10-06 07:10:00', 'James Sanders has boarded the bus.', 'https://example.com/boarded/41.jpg', 'common'),
(8, 4, '2024-10-06 07:58:00', 'James Sanders has alighted from the bus.', 'https://example.com/alighted/41.jpg', 'common'),
(9, 5, '2024-10-06 07:01:00', 'Roger Avila has boarded the bus.', 'https://example.com/boarded/50.jpg', 'common'),
(10, 5, '2024-10-06 07:33:00', 'Roger Avila has alighted from the bus.', 'https://example.com/alighted/50.jpg', 'common'),
(11, 6, '2024-10-06 07:02:00', 'Matthew Turner has boarded the bus.', 'https://example.com/boarded/37.jpg', 'common'),
(12, 6, '2024-10-06 07:40:00', 'Matthew Turner has alighted from the bus.', 'https://example.com/alighted/37.jpg', 'common'),
(13, 7, '2024-10-06 07:01:00', 'William Hill has boarded the bus.', 'https://example.com/boarded/60.jpg', 'common'),
(14, 7, '2024-10-06 07:50:00', 'William Hill has alighted from the bus.', 'https://example.com/alighted/60.jpg', 'common'),
(15, 8, '2024-10-06 07:02:00', 'Brenda Alvarez has boarded the bus.', 'https://example.com/boarded/29.jpg', 'common'),
(16, 8, '2024-10-06 07:43:00', 'Brenda Alvarez has alighted from the bus.', 'https://example.com/alighted/29.jpg', 'common'),
(17, 9, '2024-10-06 07:06:00', 'Jermaine Moore has boarded the bus.', 'https://example.com/boarded/39.jpg', 'common'),
(18, 9, '2024-10-06 08:05:00', 'Jermaine Moore has alighted from the bus.', 'https://example.com/alighted/39.jpg', 'common'),
(19, 10, '2024-10-06 07:02:00', 'Richard Williams has boarded the bus.', 'https://example.com/boarded/20.jpg', 'common'),
(20, 10, '2024-10-06 07:52:00', 'Richard Williams has alighted from the bus.', 'https://example.com/alighted/20.jpg', 'common'),
(21, 11, '2024-10-06 07:02:00', 'Martha Armstrong has boarded the bus.', 'https://example.com/boarded/19.jpg', 'common'),
(22, 11, '2024-10-06 07:57:00', 'Martha Armstrong has alighted from the bus.', 'https://example.com/alighted/19.jpg', 'common'),
(23, 12, '2024-10-06 07:03:00', 'Cynthia Brown has boarded the bus.', 'https://example.com/boarded/48.jpg', 'common'),
(24, 12, '2024-10-06 07:42:00', 'Cynthia Brown has alighted from the bus.', 'https://example.com/alighted/48.jpg', 'common'),
(25, 13, '2024-10-06 07:03:00', 'Nicholas White has boarded the bus.', 'https://example.com/boarded/33.jpg', 'common'),
(26, 13, '2024-10-06 07:34:00', 'Nicholas White has alighted from the bus.', 'https://example.com/alighted/33.jpg', 'common'),
(27, 14, '2024-10-06 07:00:00', 'Kenneth Alexander MD has boarded the bus.', 'https://example.com/boarded/24.jpg', 'common'),
(28, 14, '2024-10-06 07:46:00', 'Kenneth Alexander MD has alighted from the bus.', 'https://example.com/alighted/24.jpg', 'common'),
(29, 15, '2024-10-06 07:10:00', 'Heidi Page has boarded the bus.', 'https://example.com/boarded/18.jpg', 'common'),
(30, 15, '2024-10-06 08:09:00', 'Heidi Page has alighted from the bus.', 'https://example.com/alighted/18.jpg', 'common'),
(31, 16, '2024-10-06 07:03:00', 'Rebekah Gould has boarded the bus.', 'https://example.com/boarded/1.jpg', 'common'),
(32, 16, '2024-10-06 07:42:00', 'Rebekah Gould has alighted from the bus.', 'https://example.com/alighted/1.jpg', 'common'),
(33, 17, '2024-10-06 07:02:00', 'Marissa Campbell has boarded the bus.', 'https://example.com/boarded/32.jpg', 'common'),
(34, 17, '2024-10-06 07:37:00', 'Marissa Campbell has alighted from the bus.', 'https://example.com/alighted/32.jpg', 'common'),
(35, 18, '2024-10-06 07:05:00', 'Jordan Rowe has boarded the bus.', 'https://example.com/boarded/26.jpg', 'common'),
(36, 18, '2024-10-06 08:02:00', 'Jordan Rowe has alighted from the bus.', 'https://example.com/alighted/26.jpg', 'common'),
(37, 19, '2024-10-06 07:08:00', 'Mr. John Haynes has boarded the bus.', 'https://example.com/boarded/57.jpg', 'common'),
(38, 19, '2024-10-06 07:59:00', 'Mr. John Haynes has alighted from the bus.', 'https://example.com/alighted/57.jpg', 'common'),
(39, 20, '2024-10-06 07:09:00', 'Kimberly Mcbride has boarded the bus.', 'https://example.com/boarded/14.jpg', 'common'),
(40, 20, '2024-10-06 08:06:00', 'Kimberly Mcbride has alighted from the bus.', 'https://example.com/alighted/14.jpg', 'common'),
(41, 21, '2024-10-06 07:04:00', 'Daniel Riley has boarded the bus.', 'https://example.com/boarded/59.jpg', 'common'),
(42, 21, '2024-10-06 07:43:00', 'Daniel Riley has alighted from the bus.', 'https://example.com/alighted/59.jpg', 'common'),
(43, 22, '2024-10-06 07:09:00', 'Gregory Gates has boarded the bus.', 'https://example.com/boarded/58.jpg', 'common'),
(44, 22, '2024-10-06 07:53:00', 'Gregory Gates has alighted from the bus.', 'https://example.com/alighted/58.jpg', 'common'),
(45, 23, '2024-10-06 07:08:00', 'Amanda Lambert has boarded the bus.', 'https://example.com/boarded/7.jpg', 'common'),
(46, 23, '2024-10-06 07:48:00', 'Amanda Lambert has alighted from the bus.', 'https://example.com/alighted/7.jpg', 'common'),
(47, 24, '2024-10-06 07:05:00', 'Thomas Hunt has boarded the bus.', 'https://example.com/boarded/22.jpg', 'common'),
(48, 24, '2024-10-06 07:35:00', 'Thomas Hunt has alighted from the bus.', 'https://example.com/alighted/22.jpg', 'common'),
(49, 25, '2024-10-06 07:08:00', 'Stacy Russell has boarded the bus.', 'https://example.com/boarded/46.jpg', 'common'),
(50, 25, '2024-10-06 07:50:00', 'Stacy Russell has alighted from the bus.', 'https://example.com/alighted/46.jpg', 'common'),
(51, 26, '2024-10-06 07:04:00', 'Brenda Alvarez has boarded the bus.', 'https://example.com/boarded/29.jpg', 'common'),
(52, 26, '2024-10-06 07:47:00', 'Brenda Alvarez has alighted from the bus.', 'https://example.com/alighted/29.jpg', 'common'),
(53, 27, '2024-10-06 07:08:00', 'Charles Benson has boarded the bus.', 'https://example.com/boarded/27.jpg', 'common'),
(54, 27, '2024-10-06 08:06:00', 'Charles Benson has alighted from the bus.', 'https://example.com/alighted/27.jpg', 'common'),
(55, 28, '2024-10-06 07:07:00', 'Connor Gomez has boarded the bus.', 'https://example.com/boarded/9.jpg', 'common'),
(56, 28, '2024-10-06 07:40:00', 'Connor Gomez has alighted from the bus.', 'https://example.com/alighted/9.jpg', 'common'),
(57, 29, '2024-10-06 07:05:00', 'Megan Rogers has boarded the bus.', 'https://example.com/boarded/35.jpg', 'common'),
(58, 29, '2024-10-06 07:47:00', 'Megan Rogers has alighted from the bus.', 'https://example.com/alighted/35.jpg', 'common'),
(59, 30, '2024-10-06 07:08:00', 'Alexis Cummings has boarded the bus.', 'https://example.com/boarded/12.jpg', 'common'),
(60, 30, '2024-10-06 08:07:00', 'Alexis Cummings has alighted from the bus.', 'https://example.com/alighted/12.jpg', 'common'),
(61, 31, '2024-10-06 07:02:00', 'Veronica Hutchinson has boarded the bus.', 'https://example.com/boarded/2.jpg', 'common'),
(62, 31, '2024-10-06 07:54:00', 'Veronica Hutchinson has alighted from the bus.', 'https://example.com/alighted/2.jpg', 'common'),
(63, 32, '2024-10-06 07:07:00', 'Ashley Bell has boarded the bus.', 'https://example.com/boarded/44.jpg', 'common'),
(64, 32, '2024-10-06 07:48:00', 'Ashley Bell has alighted from the bus.', 'https://example.com/alighted/44.jpg', 'common'),
(65, 33, '2024-10-06 07:09:00', 'Sheryl Huff has boarded the bus.', 'https://example.com/boarded/36.jpg', 'common'),
(66, 33, '2024-10-06 08:01:00', 'Sheryl Huff has alighted from the bus.', 'https://example.com/alighted/36.jpg', 'common'),
(67, 34, '2024-10-06 07:04:00', 'Benjamin Wilson has boarded the bus.', 'https://example.com/boarded/55.jpg', 'common'),
(68, 34, '2024-10-06 07:52:00', 'Benjamin Wilson has alighted from the bus.', 'https://example.com/alighted/55.jpg', 'common'),
(69, 35, '2024-10-06 07:09:00', 'Heather West has boarded the bus.', 'https://example.com/boarded/11.jpg', 'common'),
(70, 35, '2024-10-06 07:59:00', 'Heather West has alighted from the bus.', 'https://example.com/alighted/11.jpg', 'common'),
(71, 36, '2024-10-06 07:09:00', 'Rebekah Gould has boarded the bus.', 'https://example.com/boarded/1.jpg', 'common'),
(72, 36, '2024-10-06 07:56:00', 'Rebekah Gould has alighted from the bus.', 'https://example.com/alighted/1.jpg', 'common'),
(73, 37, '2024-10-06 07:03:00', 'Amy Rodriguez has boarded the bus.', 'https://example.com/boarded/21.jpg', 'common'),
(74, 37, '2024-10-06 07:36:00', 'Amy Rodriguez has alighted from the bus.', 'https://example.com/alighted/21.jpg', 'common'),
(75, 38, '2024-10-06 07:09:00', 'Victoria Ashley has boarded the bus.', 'https://example.com/boarded/10.jpg', 'common'),
(76, 38, '2024-10-06 07:50:00', 'Victoria Ashley has alighted from the bus.', 'https://example.com/alighted/10.jpg', 'common'),
(77, 39, '2024-10-06 07:04:00', 'Connor Gomez has boarded the bus.', 'https://example.com/boarded/9.jpg', 'common'),
(78, 39, '2024-10-06 07:42:00', 'Connor Gomez has alighted from the bus.', 'https://example.com/alighted/9.jpg', 'common'),
(79, 40, '2024-10-06 07:00:00', 'Kimberly Mcbride has boarded the bus.', 'https://example.com/boarded/14.jpg', 'common'),
(80, 40, '2024-10-06 07:30:00', 'Kimberly Mcbride has alighted from the bus.', 'https://example.com/alighted/14.jpg', 'common'),
(81, 41, '2024-10-06 07:06:00', 'Bradley Harper has boarded the bus.', 'https://example.com/boarded/56.jpg', 'common'),
(82, 41, '2024-10-06 07:39:00', 'Bradley Harper has alighted from the bus.', 'https://example.com/alighted/56.jpg', 'common'),
(83, 42, '2024-10-06 07:04:00', 'Ray Morales has boarded the bus.', 'https://example.com/boarded/16.jpg', 'common'),
(84, 42, '2024-10-06 07:48:00', 'Ray Morales has alighted from the bus.', 'https://example.com/alighted/16.jpg', 'common'),
(85, 43, '2024-10-06 07:08:00', 'Jermaine Moore has boarded the bus.', 'https://example.com/boarded/39.jpg', 'common'),
(86, 43, '2024-10-06 07:44:00', 'Jermaine Moore has alighted from the bus.', 'https://example.com/alighted/39.jpg', 'common'),
(87, 44, '2024-10-06 07:04:00', 'Roger Avila has boarded the bus.', 'https://example.com/boarded/50.jpg', 'common'),
(88, 44, '2024-10-06 08:02:00', 'Roger Avila has alighted from the bus.', 'https://example.com/alighted/50.jpg', 'common'),
(89, 45, '2024-10-06 07:05:00', 'Hannah Bryant has boarded the bus.', 'https://example.com/boarded/13.jpg', 'common'),
(90, 45, '2024-10-06 07:59:00', 'Hannah Bryant has alighted from the bus.', 'https://example.com/alighted/13.jpg', 'common'),
(91, 46, '2024-10-06 07:08:00', 'Matthew Moore has boarded the bus.', 'https://example.com/boarded/42.jpg', 'common'),
(92, 46, '2024-10-06 07:54:00', 'Matthew Moore has alighted from the bus.', 'https://example.com/alighted/42.jpg', 'common'),
(93, 47, '2024-10-06 07:06:00', 'Gregory Gates has boarded the bus.', 'https://example.com/boarded/58.jpg', 'common'),
(94, 47, '2024-10-06 07:49:00', 'Gregory Gates has alighted from the bus.', 'https://example.com/alighted/58.jpg', 'common'),
(95, 48, '2024-10-06 07:03:00', 'Kathleen Baker has boarded the bus.', 'https://example.com/boarded/43.jpg', 'common'),
(96, 48, '2024-10-06 07:49:00', 'Kathleen Baker has alighted from the bus.', 'https://example.com/alighted/43.jpg', 'common'),
(97, 49, '2024-10-06 16:33:00', 'Daniel Riley has boarded the bus.', 'https://example.com/boarded/59.jpg', 'common'),
(98, 49, '2024-10-06 17:28:00', 'Daniel Riley has alighted from the bus.', 'https://example.com/alighted/59.jpg', 'common'),
(99, 50, '2024-10-06 16:35:00', 'Veronica Hutchinson has boarded the bus.', 'https://example.com/boarded/2.jpg', 'common'),
(100, 50, '2024-10-06 17:26:00', 'Veronica Hutchinson has alighted from the bus.', 'https://example.com/alighted/2.jpg', 'common'),
(101, 51, '2024-10-06 16:32:00', 'Alexis Cummings has boarded the bus.', 'https://example.com/boarded/12.jpg', 'common'),
(102, 51, '2024-10-06 17:07:00', 'Alexis Cummings has alighted from the bus.', 'https://example.com/alighted/12.jpg', 'common'),
(103, 52, '2024-10-06 16:40:00', 'Jordan Rowe has boarded the bus.', 'https://example.com/boarded/26.jpg', 'common'),
(104, 52, '2024-10-06 17:13:00', 'Jordan Rowe has alighted from the bus.', 'https://example.com/alighted/26.jpg', 'common'),
(105, 53, '2024-10-06 16:37:00', 'Jimmy Hall has boarded the bus.', 'https://example.com/boarded/28.jpg', 'common'),
(106, 53, '2024-10-06 17:32:00', 'Jimmy Hall has alighted from the bus.', 'https://example.com/alighted/28.jpg', 'common'),
(107, 54, '2024-10-06 16:36:00', 'Heather Shaw has boarded the bus.', 'https://example.com/boarded/3.jpg', 'common'),
(108, 54, '2024-10-06 17:18:00', 'Heather Shaw has alighted from the bus.', 'https://example.com/alighted/3.jpg', 'common'),
(109, 55, '2024-10-06 16:39:00', 'Connor Gomez has boarded the bus.', 'https://example.com/boarded/9.jpg', 'common'),
(110, 55, '2024-10-06 17:14:00', 'Connor Gomez has alighted from the bus.', 'https://example.com/alighted/9.jpg', 'common'),
(111, 56, '2024-10-06 16:34:00', 'Marissa Campbell has boarded the bus.', 'https://example.com/boarded/32.jpg', 'common'),
(112, 56, '2024-10-06 17:06:00', 'Marissa Campbell has alighted from the bus.', 'https://example.com/alighted/32.jpg', 'common'),
(113, 57, '2024-10-06 16:37:00', 'Victoria Ashley has boarded the bus.', 'https://example.com/boarded/10.jpg', 'common'),
(114, 57, '2024-10-06 17:25:00', 'Victoria Ashley has alighted from the bus.', 'https://example.com/alighted/10.jpg', 'common'),
(115, 58, '2024-10-06 16:38:00', 'Kelsey Chavez has boarded the bus.', 'https://example.com/boarded/49.jpg', 'common'),
(116, 58, '2024-10-06 17:28:00', 'Kelsey Chavez has alighted from the bus.', 'https://example.com/alighted/49.jpg', 'common'),
(117, 59, '2024-10-06 16:36:00', 'Matthew Moore has boarded the bus.', 'https://example.com/boarded/42.jpg', 'common'),
(118, 59, '2024-10-06 17:25:00', 'Matthew Moore has alighted from the bus.', 'https://example.com/alighted/42.jpg', 'common'),
(119, 60, '2024-10-06 16:39:00', 'Ray Morales has boarded the bus.', 'https://example.com/boarded/16.jpg', 'common'),
(120, 60, '2024-10-06 17:17:00', 'Ray Morales has alighted from the bus.', 'https://example.com/alighted/16.jpg', 'common'),
(121, 61, '2024-10-06 16:30:00', 'Sheryl Huff has boarded the bus.', 'https://example.com/boarded/36.jpg', 'common'),
(122, 61, '2024-10-06 17:07:00', 'Sheryl Huff has alighted from the bus.', 'https://example.com/alighted/36.jpg', 'common'),
(123, 62, '2024-10-06 16:39:00', 'Amanda Lambert has boarded the bus.', 'https://example.com/boarded/7.jpg', 'common'),
(124, 62, '2024-10-06 17:15:00', 'Amanda Lambert has alighted from the bus.', 'https://example.com/alighted/7.jpg', 'common'),
(125, 63, '2024-10-06 16:31:00', 'Alejandra Johnson has boarded the bus.', 'https://example.com/boarded/38.jpg', 'common'),
(126, 63, '2024-10-06 17:06:00', 'Alejandra Johnson has alighted from the bus.', 'https://example.com/alighted/38.jpg', 'common'),
(127, 64, '2024-10-06 16:34:00', 'Brenda Alvarez has boarded the bus.', 'https://example.com/boarded/29.jpg', 'common');
INSERT INTO `Notification` (`notification_id`, `attendance_id`, `time_stamp`, `message`, `image`, `status`) VALUES
(128, 64, '2024-10-06 17:15:00', 'Brenda Alvarez has alighted from the bus.', 'https://example.com/alighted/29.jpg', 'common'),
(129, 65, '2024-10-06 16:39:00', 'Bradley Harper has boarded the bus.', 'https://example.com/boarded/56.jpg', 'common'),
(130, 65, '2024-10-06 17:36:00', 'Bradley Harper has alighted from the bus.', 'https://example.com/alighted/56.jpg', 'common'),
(131, 66, '2024-10-06 16:34:00', 'Marissa Campbell has boarded the bus.', 'https://example.com/boarded/32.jpg', 'common'),
(132, 66, '2024-10-06 17:30:00', 'Marissa Campbell has alighted from the bus.', 'https://example.com/alighted/32.jpg', 'common'),
(133, 67, '2024-10-06 16:35:00', 'Richard Johnson has boarded the bus.', 'https://example.com/boarded/25.jpg', 'common'),
(134, 67, '2024-10-06 17:20:00', 'Richard Johnson has alighted from the bus.', 'https://example.com/alighted/25.jpg', 'common'),
(135, 68, '2024-10-06 16:36:00', 'Heidi Page has boarded the bus.', 'https://example.com/boarded/18.jpg', 'common'),
(136, 68, '2024-10-06 17:19:00', 'Heidi Page has alighted from the bus.', 'https://example.com/alighted/18.jpg', 'common'),
(137, 69, '2024-10-06 16:30:00', 'Veronica Hutchinson has boarded the bus.', 'https://example.com/boarded/2.jpg', 'common'),
(138, 69, '2024-10-06 17:12:00', 'Veronica Hutchinson has alighted from the bus.', 'https://example.com/alighted/2.jpg', 'common'),
(139, 70, '2024-10-06 16:33:00', 'Charles Benson has boarded the bus.', 'https://example.com/boarded/27.jpg', 'common'),
(140, 70, '2024-10-06 17:03:00', 'Charles Benson has alighted from the bus.', 'https://example.com/alighted/27.jpg', 'common'),
(141, 71, '2024-10-06 16:34:00', 'Thomas Hunt has boarded the bus.', 'https://example.com/boarded/22.jpg', 'common'),
(142, 71, '2024-10-06 17:09:00', 'Thomas Hunt has alighted from the bus.', 'https://example.com/alighted/22.jpg', 'common'),
(143, 72, '2024-10-06 16:38:00', 'Megan Rogers has boarded the bus.', 'https://example.com/boarded/35.jpg', 'common'),
(144, 72, '2024-10-06 17:29:00', 'Megan Rogers has alighted from the bus.', 'https://example.com/alighted/35.jpg', 'common'),
(145, 73, '2024-10-06 16:32:00', 'Jermaine Moore has boarded the bus.', 'https://example.com/boarded/39.jpg', 'common'),
(146, 73, '2024-10-06 17:12:00', 'Jermaine Moore has alighted from the bus.', 'https://example.com/alighted/39.jpg', 'common'),
(147, 74, '2024-10-06 16:40:00', 'Ray Morales has boarded the bus.', 'https://example.com/boarded/16.jpg', 'common'),
(148, 74, '2024-10-06 17:37:00', 'Ray Morales has alighted from the bus.', 'https://example.com/alighted/16.jpg', 'common'),
(149, 75, '2024-10-06 16:37:00', 'Jordan Rowe has boarded the bus.', 'https://example.com/boarded/26.jpg', 'common'),
(150, 75, '2024-10-06 17:09:00', 'Jordan Rowe has alighted from the bus.', 'https://example.com/alighted/26.jpg', 'common'),
(151, 76, '2024-10-06 16:36:00', 'Sheryl Huff has boarded the bus.', 'https://example.com/boarded/36.jpg', 'common'),
(152, 76, '2024-10-06 17:25:00', 'Sheryl Huff has alighted from the bus.', 'https://example.com/alighted/36.jpg', 'common'),
(153, 77, '2024-10-06 16:35:00', 'James Sanders has boarded the bus.', 'https://example.com/boarded/41.jpg', 'common'),
(154, 77, '2024-10-06 17:09:00', 'James Sanders has alighted from the bus.', 'https://example.com/alighted/41.jpg', 'common'),
(155, 78, '2024-10-06 16:37:00', 'Benjamin Wilson has boarded the bus.', 'https://example.com/boarded/55.jpg', 'common'),
(156, 78, '2024-10-06 17:26:00', 'Benjamin Wilson has alighted from the bus.', 'https://example.com/alighted/55.jpg', 'common'),
(157, 79, '2024-10-06 16:37:00', 'Mercedes Dunn has boarded the bus.', 'https://example.com/boarded/30.jpg', 'common'),
(158, 79, '2024-10-06 17:18:00', 'Mercedes Dunn has alighted from the bus.', 'https://example.com/alighted/30.jpg', 'common'),
(159, 80, '2024-10-06 16:39:00', 'Zachary Cox has boarded the bus.', 'https://example.com/boarded/15.jpg', 'common'),
(160, 80, '2024-10-06 17:35:00', 'Zachary Cox has alighted from the bus.', 'https://example.com/alighted/15.jpg', 'common'),
(161, 81, '2024-10-06 16:39:00', 'Cynthia Brown has boarded the bus.', 'https://example.com/boarded/48.jpg', 'common'),
(162, 81, '2024-10-06 17:31:00', 'Cynthia Brown has alighted from the bus.', 'https://example.com/alighted/48.jpg', 'common'),
(163, 82, '2024-10-06 16:37:00', 'Mr. John Haynes has boarded the bus.', 'https://example.com/boarded/57.jpg', 'common'),
(164, 82, '2024-10-06 17:27:00', 'Mr. John Haynes has alighted from the bus.', 'https://example.com/alighted/57.jpg', 'common'),
(165, 83, '2024-10-06 16:30:00', 'Kerry Henderson has boarded the bus.', 'https://example.com/boarded/47.jpg', 'common'),
(166, 83, '2024-10-06 17:07:00', 'Kerry Henderson has alighted from the bus.', 'https://example.com/alighted/47.jpg', 'common'),
(167, 84, '2024-10-06 16:35:00', 'Richard Johnson has boarded the bus.', 'https://example.com/boarded/25.jpg', 'common'),
(168, 84, '2024-10-06 17:20:00', 'Richard Johnson has alighted from the bus.', 'https://example.com/alighted/25.jpg', 'common'),
(169, 85, '2024-10-06 16:39:00', 'Kelsey Chavez has boarded the bus.', 'https://example.com/boarded/49.jpg', 'common'),
(170, 85, '2024-10-06 17:35:00', 'Kelsey Chavez has alighted from the bus.', 'https://example.com/alighted/49.jpg', 'common'),
(171, 86, '2024-10-06 16:31:00', 'Benjamin Wilson has boarded the bus.', 'https://example.com/boarded/55.jpg', 'common'),
(172, 86, '2024-10-06 17:03:00', 'Benjamin Wilson has alighted from the bus.', 'https://example.com/alighted/55.jpg', 'common'),
(173, 87, '2024-10-06 16:31:00', 'Heidi Page has boarded the bus.', 'https://example.com/boarded/18.jpg', 'common'),
(174, 87, '2024-10-06 17:18:00', 'Heidi Page has alighted from the bus.', 'https://example.com/alighted/18.jpg', 'common'),
(175, 88, '2024-10-06 16:39:00', 'Kendra Stone has boarded the bus.', 'https://example.com/boarded/45.jpg', 'common'),
(176, 88, '2024-10-06 17:34:00', 'Kendra Stone has alighted from the bus.', 'https://example.com/alighted/45.jpg', 'common'),
(177, 89, '2024-10-06 16:36:00', 'Matthew Turner has boarded the bus.', 'https://example.com/boarded/37.jpg', 'common'),
(178, 89, '2024-10-06 17:25:00', 'Matthew Turner has alighted from the bus.', 'https://example.com/alighted/37.jpg', 'common'),
(179, 90, '2024-10-06 16:34:00', 'Gregory Gates has boarded the bus.', 'https://example.com/boarded/58.jpg', 'common'),
(180, 90, '2024-10-06 17:04:00', 'Gregory Gates has alighted from the bus.', 'https://example.com/alighted/58.jpg', 'common'),
(181, 91, '2024-10-06 16:30:00', 'Kathy Lopez has boarded the bus.', 'https://example.com/boarded/53.jpg', 'common'),
(182, 91, '2024-10-06 17:21:00', 'Kathy Lopez has alighted from the bus.', 'https://example.com/alighted/53.jpg', 'common'),
(183, 92, '2024-10-06 16:38:00', 'Nicole Wilson has boarded the bus.', 'https://example.com/boarded/23.jpg', 'common'),
(184, 92, '2024-10-06 17:35:00', 'Nicole Wilson has alighted from the bus.', 'https://example.com/alighted/23.jpg', 'common'),
(185, 93, '2024-10-06 16:30:00', 'Matthew Moore has boarded the bus.', 'https://example.com/boarded/42.jpg', 'common'),
(186, 93, '2024-10-06 17:27:00', 'Matthew Moore has alighted from the bus.', 'https://example.com/alighted/42.jpg', 'common'),
(187, 94, '2024-10-06 16:38:00', 'Amy Rodriguez has boarded the bus.', 'https://example.com/boarded/21.jpg', 'common'),
(188, 94, '2024-10-06 17:35:00', 'Amy Rodriguez has alighted from the bus.', 'https://example.com/alighted/21.jpg', 'common'),
(189, 95, '2024-10-06 16:34:00', 'Mitchell Pineda has boarded the bus.', 'https://example.com/boarded/4.jpg', 'common'),
(190, 95, '2024-10-06 17:31:00', 'Mitchell Pineda has alighted from the bus.', 'https://example.com/alighted/4.jpg', 'common'),
(191, 96, '2024-10-06 16:33:00', 'Hannah Bryant has boarded the bus.', 'https://example.com/boarded/13.jpg', 'common'),
(192, 96, '2024-10-06 17:19:00', 'Hannah Bryant has alighted from the bus.', 'https://example.com/alighted/13.jpg', 'common'),
(193, 97, '2024-10-07 07:01:00', 'Heidi Page has boarded the bus.', 'https://example.com/boarded/18.jpg', 'common'),
(194, 97, '2024-10-07 07:31:00', 'Heidi Page has alighted from the bus.', 'https://example.com/alighted/18.jpg', 'common'),
(195, 98, '2024-10-07 07:03:00', 'Brenda Alvarez has boarded the bus.', 'https://example.com/boarded/29.jpg', 'common'),
(196, 98, '2024-10-07 07:36:00', 'Brenda Alvarez has alighted from the bus.', 'https://example.com/alighted/29.jpg', 'common'),
(197, 99, '2024-10-07 07:02:00', 'Connor Gomez has boarded the bus.', 'https://example.com/boarded/9.jpg', 'common'),
(198, 99, '2024-10-07 07:51:00', 'Connor Gomez has alighted from the bus.', 'https://example.com/alighted/9.jpg', 'common'),
(199, 100, '2024-10-07 07:08:00', 'Alejandra Johnson has boarded the bus.', 'https://example.com/boarded/38.jpg', 'common'),
(200, 100, '2024-10-07 07:46:00', 'Alejandra Johnson has alighted from the bus.', 'https://example.com/alighted/38.jpg', 'common'),
(201, 101, '2024-10-07 07:05:00', 'Kathleen Baker has boarded the bus.', 'https://example.com/boarded/43.jpg', 'common'),
(202, 101, '2024-10-07 07:50:00', 'Kathleen Baker has alighted from the bus.', 'https://example.com/alighted/43.jpg', 'common'),
(203, 102, '2024-10-07 07:08:00', 'Megan Rogers has boarded the bus.', 'https://example.com/boarded/35.jpg', 'common'),
(204, 102, '2024-10-07 07:56:00', 'Megan Rogers has alighted from the bus.', 'https://example.com/alighted/35.jpg', 'common'),
(205, 103, '2024-10-07 07:10:00', 'Stephanie Nunez has boarded the bus.', 'https://example.com/boarded/8.jpg', 'common'),
(206, 103, '2024-10-07 07:43:00', 'Stephanie Nunez has alighted from the bus.', 'https://example.com/alighted/8.jpg', 'common'),
(207, 104, '2024-10-07 07:09:00', 'Daniel Riley has boarded the bus.', 'https://example.com/boarded/59.jpg', 'common'),
(208, 104, '2024-10-07 07:44:00', 'Daniel Riley has alighted from the bus.', 'https://example.com/alighted/59.jpg', 'common'),
(209, 105, '2024-10-07 07:07:00', 'Jennifer Johnson has boarded the bus.', 'https://example.com/boarded/34.jpg', 'common'),
(210, 105, '2024-10-07 08:07:00', 'Jennifer Johnson has alighted from the bus.', 'https://example.com/alighted/34.jpg', 'common'),
(211, 106, '2024-10-07 07:06:00', 'Alexis Cummings has boarded the bus.', 'https://example.com/boarded/12.jpg', 'common'),
(212, 106, '2024-10-07 08:01:00', 'Alexis Cummings has alighted from the bus.', 'https://example.com/alighted/12.jpg', 'common'),
(213, 107, '2024-10-07 07:04:00', 'Hannah Bryant has boarded the bus.', 'https://example.com/boarded/13.jpg', 'common'),
(214, 107, '2024-10-07 07:46:00', 'Hannah Bryant has alighted from the bus.', 'https://example.com/alighted/13.jpg', 'common'),
(215, 108, '2024-10-07 07:00:00', 'Donna Huang has boarded the bus.', 'https://example.com/boarded/51.jpg', 'common'),
(216, 108, '2024-10-07 07:46:00', 'Donna Huang has alighted from the bus.', 'https://example.com/alighted/51.jpg', 'common'),
(217, 109, '2024-10-07 07:10:00', 'Ashley Bell has boarded the bus.', 'https://example.com/boarded/44.jpg', 'common'),
(218, 109, '2024-10-07 08:01:00', 'Ashley Bell has alighted from the bus.', 'https://example.com/alighted/44.jpg', 'common'),
(219, 110, '2024-10-07 07:05:00', 'Heather West has boarded the bus.', 'https://example.com/boarded/11.jpg', 'common'),
(220, 110, '2024-10-07 07:56:00', 'Heather West has alighted from the bus.', 'https://example.com/alighted/11.jpg', 'common'),
(221, 111, '2024-10-07 07:01:00', 'Kathy Lopez has boarded the bus.', 'https://example.com/boarded/53.jpg', 'common'),
(222, 111, '2024-10-07 08:00:00', 'Kathy Lopez has alighted from the bus.', 'https://example.com/alighted/53.jpg', 'common'),
(223, 112, '2024-10-07 07:08:00', 'Richard Williams has boarded the bus.', 'https://example.com/boarded/20.jpg', 'common'),
(224, 112, '2024-10-07 07:39:00', 'Richard Williams has alighted from the bus.', 'https://example.com/alighted/20.jpg', 'common'),
(225, 113, '2024-10-07 07:05:00', 'Kenneth Alexander MD has boarded the bus.', 'https://example.com/boarded/24.jpg', 'common'),
(226, 113, '2024-10-07 07:51:00', 'Kenneth Alexander MD has alighted from the bus.', 'https://example.com/alighted/24.jpg', 'common'),
(227, 114, '2024-10-07 07:02:00', 'William Hill has boarded the bus.', 'https://example.com/boarded/60.jpg', 'common'),
(228, 114, '2024-10-07 07:56:00', 'William Hill has alighted from the bus.', 'https://example.com/alighted/60.jpg', 'common'),
(229, 115, '2024-10-07 07:05:00', 'Heather Shaw has boarded the bus.', 'https://example.com/boarded/3.jpg', 'common'),
(230, 115, '2024-10-07 07:42:00', 'Heather Shaw has alighted from the bus.', 'https://example.com/alighted/3.jpg', 'common'),
(231, 116, '2024-10-07 07:01:00', 'Marissa Campbell has boarded the bus.', 'https://example.com/boarded/32.jpg', 'common'),
(232, 116, '2024-10-07 07:57:00', 'Marissa Campbell has alighted from the bus.', 'https://example.com/alighted/32.jpg', 'common'),
(233, 117, '2024-10-07 07:10:00', 'Tammy Sherman has boarded the bus.', 'https://example.com/boarded/31.jpg', 'common'),
(234, 117, '2024-10-07 07:42:00', 'Tammy Sherman has alighted from the bus.', 'https://example.com/alighted/31.jpg', 'common'),
(235, 118, '2024-10-07 07:04:00', 'Thomas Hunt has boarded the bus.', 'https://example.com/boarded/22.jpg', 'common'),
(236, 118, '2024-10-07 07:52:00', 'Thomas Hunt has alighted from the bus.', 'https://example.com/alighted/22.jpg', 'common'),
(237, 119, '2024-10-07 07:00:00', 'Renee Robinson has boarded the bus.', 'https://example.com/boarded/17.jpg', 'common'),
(238, 119, '2024-10-07 07:41:00', 'Renee Robinson has alighted from the bus.', 'https://example.com/alighted/17.jpg', 'common'),
(239, 120, '2024-10-07 07:04:00', 'Richard Johnson has boarded the bus.', 'https://example.com/boarded/25.jpg', 'common'),
(240, 120, '2024-10-07 07:59:00', 'Richard Johnson has alighted from the bus.', 'https://example.com/alighted/25.jpg', 'common'),
(241, 121, '2024-10-07 07:09:00', 'Cynthia Brown has boarded the bus.', 'https://example.com/boarded/48.jpg', 'common'),
(242, 121, '2024-10-07 07:49:00', 'Cynthia Brown has alighted from the bus.', 'https://example.com/alighted/48.jpg', 'common'),
(243, 122, '2024-10-07 07:00:00', 'Charles Benson has boarded the bus.', 'https://example.com/boarded/27.jpg', 'common'),
(244, 122, '2024-10-07 07:39:00', 'Charles Benson has alighted from the bus.', 'https://example.com/alighted/27.jpg', 'common'),
(245, 123, '2024-10-07 07:10:00', 'Roger Avila has boarded the bus.', 'https://example.com/boarded/50.jpg', 'common'),
(246, 123, '2024-10-07 07:53:00', 'Roger Avila has alighted from the bus.', 'https://example.com/alighted/50.jpg', 'common'),
(247, 124, '2024-10-07 07:09:00', 'Matthew Turner has boarded the bus.', 'https://example.com/boarded/37.jpg', 'common'),
(248, 124, '2024-10-07 07:41:00', 'Matthew Turner has alighted from the bus.', 'https://example.com/alighted/37.jpg', 'common'),
(249, 125, '2024-10-07 07:09:00', 'Martha Armstrong has boarded the bus.', 'https://example.com/boarded/19.jpg', 'common'),
(250, 125, '2024-10-07 08:05:00', 'Martha Armstrong has alighted from the bus.', 'https://example.com/alighted/19.jpg', 'common'),
(251, 126, '2024-10-07 07:05:00', 'Zachary Cox has boarded the bus.', 'https://example.com/boarded/15.jpg', 'common'),
(252, 126, '2024-10-07 08:04:00', 'Zachary Cox has alighted from the bus.', 'https://example.com/alighted/15.jpg', 'common'),
(253, 127, '2024-10-07 07:07:00', 'William Hill has boarded the bus.', 'https://example.com/boarded/60.jpg', 'common'),
(254, 127, '2024-10-07 08:07:00', 'William Hill has alighted from the bus.', 'https://example.com/alighted/60.jpg', 'common'),
(255, 128, '2024-10-07 07:07:00', 'Marissa Campbell has boarded the bus.', 'https://example.com/boarded/32.jpg', 'common'),
(256, 128, '2024-10-07 07:44:00', 'Marissa Campbell has alighted from the bus.', 'https://example.com/alighted/32.jpg', 'common'),
(257, 129, '2024-10-07 07:06:00', 'Cynthia Brown has boarded the bus.', 'https://example.com/boarded/48.jpg', 'common'),
(258, 129, '2024-10-07 07:58:00', 'Cynthia Brown has alighted from the bus.', 'https://example.com/alighted/48.jpg', 'common'),
(259, 130, '2024-10-07 07:01:00', 'Jennifer Johnson has boarded the bus.', 'https://example.com/boarded/34.jpg', 'common'),
(260, 130, '2024-10-07 07:40:00', 'Jennifer Johnson has alighted from the bus.', 'https://example.com/alighted/34.jpg', 'common'),
(261, 131, '2024-10-07 07:08:00', 'Mercedes Dunn has boarded the bus.', 'https://example.com/boarded/30.jpg', 'common'),
(262, 131, '2024-10-07 08:06:00', 'Mercedes Dunn has alighted from the bus.', 'https://example.com/alighted/30.jpg', 'common'),
(263, 132, '2024-10-07 07:01:00', 'Valerie Hill has boarded the bus.', 'https://example.com/boarded/40.jpg', 'common'),
(264, 132, '2024-10-07 07:32:00', 'Valerie Hill has alighted from the bus.', 'https://example.com/alighted/40.jpg', 'common'),
(265, 133, '2024-10-07 07:03:00', 'Matthew Moore has boarded the bus.', 'https://example.com/boarded/42.jpg', 'common'),
(266, 133, '2024-10-07 07:59:00', 'Matthew Moore has alighted from the bus.', 'https://example.com/alighted/42.jpg', 'common'),
(267, 134, '2024-10-07 07:00:00', 'Alejandra Johnson has boarded the bus.', 'https://example.com/boarded/38.jpg', 'common'),
(268, 134, '2024-10-07 07:54:00', 'Alejandra Johnson has alighted from the bus.', 'https://example.com/alighted/38.jpg', 'common'),
(269, 135, '2024-10-07 07:05:00', 'Elizabeth Hill has boarded the bus.', 'https://example.com/boarded/6.jpg', 'common'),
(270, 135, '2024-10-07 07:50:00', 'Elizabeth Hill has alighted from the bus.', 'https://example.com/alighted/6.jpg', 'common'),
(271, 136, '2024-10-07 07:03:00', 'Heather West has boarded the bus.', 'https://example.com/boarded/11.jpg', 'common'),
(272, 136, '2024-10-07 07:38:00', 'Heather West has alighted from the bus.', 'https://example.com/alighted/11.jpg', 'common'),
(273, 137, '2024-10-07 07:08:00', 'Nicole Wilson has boarded the bus.', 'https://example.com/boarded/23.jpg', 'common'),
(274, 137, '2024-10-07 08:03:00', 'Nicole Wilson has alighted from the bus.', 'https://example.com/alighted/23.jpg', 'common'),
(275, 138, '2024-10-07 07:08:00', 'Mitchell Pineda has boarded the bus.', 'https://example.com/boarded/4.jpg', 'common'),
(276, 138, '2024-10-07 08:05:00', 'Mitchell Pineda has alighted from the bus.', 'https://example.com/alighted/4.jpg', 'common'),
(277, 139, '2024-10-07 07:04:00', 'Stacy Russell has boarded the bus.', 'https://example.com/boarded/46.jpg', 'common'),
(278, 139, '2024-10-07 08:00:00', 'Stacy Russell has alighted from the bus.', 'https://example.com/alighted/46.jpg', 'common'),
(279, 140, '2024-10-07 07:03:00', 'Kelsey Chavez has boarded the bus.', 'https://example.com/boarded/49.jpg', 'common'),
(280, 140, '2024-10-07 07:36:00', 'Kelsey Chavez has alighted from the bus.', 'https://example.com/alighted/49.jpg', 'common'),
(281, 141, '2024-10-07 07:00:00', 'Benjamin Wilson has boarded the bus.', 'https://example.com/boarded/55.jpg', 'common'),
(282, 141, '2024-10-07 07:38:00', 'Benjamin Wilson has alighted from the bus.', 'https://example.com/alighted/55.jpg', 'common'),
(283, 142, '2024-10-07 07:04:00', 'James Sanders has boarded the bus.', 'https://example.com/boarded/41.jpg', 'common'),
(284, 142, '2024-10-07 08:02:00', 'James Sanders has alighted from the bus.', 'https://example.com/alighted/41.jpg', 'common'),
(285, 143, '2024-10-07 07:06:00', 'Matthew Turner has boarded the bus.', 'https://example.com/boarded/37.jpg', 'common'),
(286, 143, '2024-10-07 07:54:00', 'Matthew Turner has alighted from the bus.', 'https://example.com/alighted/37.jpg', 'common'),
(287, 144, '2024-10-07 07:01:00', 'Zachary Cox has boarded the bus.', 'https://example.com/boarded/15.jpg', 'common'),
(288, 144, '2024-10-07 07:31:00', 'Zachary Cox has alighted from the bus.', 'https://example.com/alighted/15.jpg', 'common'),
(289, 145, '2024-10-07 07:04:00', 'Renee Robinson has boarded the bus.', 'https://example.com/boarded/17.jpg', 'common'),
(290, 145, '2024-10-07 07:57:00', 'Renee Robinson has alighted from the bus.', 'https://example.com/alighted/17.jpg', 'common'),
(291, 146, '2024-10-07 07:01:00', 'Amanda Lambert has boarded the bus.', 'https://example.com/boarded/7.jpg', 'common'),
(292, 146, '2024-10-07 07:36:00', 'Amanda Lambert has alighted from the bus.', 'https://example.com/alighted/7.jpg', 'common'),
(293, 147, '2024-10-07 07:05:00', 'Donna Huang has boarded the bus.', 'https://example.com/boarded/51.jpg', 'common'),
(294, 147, '2024-10-07 07:50:00', 'Donna Huang has alighted from the bus.', 'https://example.com/alighted/51.jpg', 'common'),
(295, 148, '2024-10-07 07:05:00', 'Jordan Rowe has boarded the bus.', 'https://example.com/boarded/26.jpg', 'common'),
(296, 148, '2024-10-07 07:57:00', 'Jordan Rowe has alighted from the bus.', 'https://example.com/alighted/26.jpg', 'common'),
(297, 149, '2024-10-07 07:10:00', 'Thomas Hunt has boarded the bus.', 'https://example.com/boarded/22.jpg', 'common'),
(298, 149, '2024-10-07 08:00:00', 'Thomas Hunt has alighted from the bus.', 'https://example.com/alighted/22.jpg', 'common'),
(299, 150, '2024-10-07 07:04:00', 'Kelsey Chavez has boarded the bus.', 'https://example.com/boarded/49.jpg', 'common'),
(300, 150, '2024-10-07 07:49:00', 'Kelsey Chavez has alighted from the bus.', 'https://example.com/alighted/49.jpg', 'common'),
(301, 151, '2024-10-07 07:02:00', 'Matthew Moore has boarded the bus.', 'https://example.com/boarded/42.jpg', 'common'),
(302, 151, '2024-10-07 07:33:00', 'Matthew Moore has alighted from the bus.', 'https://example.com/alighted/42.jpg', 'common'),
(303, 152, '2024-10-07 07:08:00', 'Martha Armstrong has boarded the bus.', 'https://example.com/boarded/19.jpg', 'common'),
(304, 152, '2024-10-07 07:50:00', 'Martha Armstrong has alighted from the bus.', 'https://example.com/alighted/19.jpg', 'common'),
(305, 153, '2024-10-07 07:01:00', 'Kerry Henderson has boarded the bus.', 'https://example.com/boarded/47.jpg', 'common'),
(306, 153, '2024-10-07 07:40:00', 'Kerry Henderson has alighted from the bus.', 'https://example.com/alighted/47.jpg', 'common'),
(307, 154, '2024-10-07 07:04:00', 'Bradley Harper has boarded the bus.', 'https://example.com/boarded/56.jpg', 'common'),
(308, 154, '2024-10-07 07:35:00', 'Bradley Harper has alighted from the bus.', 'https://example.com/alighted/56.jpg', 'common'),
(309, 155, '2024-10-07 07:10:00', 'Cynthia Brown has boarded the bus.', 'https://example.com/boarded/48.jpg', 'common'),
(310, 155, '2024-10-07 07:40:00', 'Cynthia Brown has alighted from the bus.', 'https://example.com/alighted/48.jpg', 'common'),
(311, 156, '2024-10-07 07:08:00', 'Daniel Riley has boarded the bus.', 'https://example.com/boarded/59.jpg', 'common'),
(312, 156, '2024-10-07 08:06:00', 'Daniel Riley has alighted from the bus.', 'https://example.com/alighted/59.jpg', 'common'),
(313, 157, '2024-10-07 07:01:00', 'Sheryl Huff has boarded the bus.', 'https://example.com/boarded/36.jpg', 'common'),
(314, 157, '2024-10-07 07:34:00', 'Sheryl Huff has alighted from the bus.', 'https://example.com/alighted/36.jpg', 'common'),
(315, 158, '2024-10-07 16:30:00', 'Kelsey Chavez has boarded the bus.', 'https://example.com/boarded/49.jpg', 'common'),
(316, 158, '2024-10-07 17:02:00', 'Kelsey Chavez has alighted from the bus.', 'https://example.com/alighted/49.jpg', 'common'),
(317, 159, '2024-10-07 16:40:00', 'Robert Maldonado has boarded the bus.', 'https://example.com/boarded/54.jpg', 'common'),
(318, 159, '2024-10-07 17:26:00', 'Robert Maldonado has alighted from the bus.', 'https://example.com/alighted/54.jpg', 'common'),
(319, 160, '2024-10-07 16:39:00', 'Stacy Russell has boarded the bus.', 'https://example.com/boarded/46.jpg', 'common'),
(320, 160, '2024-10-07 17:33:00', 'Stacy Russell has alighted from the bus.', 'https://example.com/alighted/46.jpg', 'common'),
(321, 161, '2024-10-07 16:38:00', 'Rebekah Gould has boarded the bus.', 'https://example.com/boarded/1.jpg', 'common'),
(322, 161, '2024-10-07 17:28:00', 'Rebekah Gould has alighted from the bus.', 'https://example.com/alighted/1.jpg', 'common'),
(323, 162, '2024-10-07 16:40:00', 'Thomas Hunt has boarded the bus.', 'https://example.com/boarded/22.jpg', 'common'),
(324, 162, '2024-10-07 17:34:00', 'Thomas Hunt has alighted from the bus.', 'https://example.com/alighted/22.jpg', 'common'),
(325, 163, '2024-10-07 16:30:00', 'Ashley Bell has boarded the bus.', 'https://example.com/boarded/44.jpg', 'common'),
(326, 163, '2024-10-07 17:15:00', 'Ashley Bell has alighted from the bus.', 'https://example.com/alighted/44.jpg', 'common'),
(327, 164, '2024-10-07 16:36:00', 'Richard Williams has boarded the bus.', 'https://example.com/boarded/20.jpg', 'common'),
(328, 164, '2024-10-07 17:23:00', 'Richard Williams has alighted from the bus.', 'https://example.com/alighted/20.jpg', 'common'),
(329, 165, '2024-10-07 16:36:00', 'Roger Avila has boarded the bus.', 'https://example.com/boarded/50.jpg', 'common'),
(330, 165, '2024-10-07 17:23:00', 'Roger Avila has alighted from the bus.', 'https://example.com/alighted/50.jpg', 'common'),
(331, 166, '2024-10-07 16:38:00', 'Kathleen Baker has boarded the bus.', 'https://example.com/boarded/43.jpg', 'common'),
(332, 166, '2024-10-07 17:29:00', 'Kathleen Baker has alighted from the bus.', 'https://example.com/alighted/43.jpg', 'common'),
(333, 167, '2024-10-07 16:37:00', 'Zachary Cox has boarded the bus.', 'https://example.com/boarded/15.jpg', 'common'),
(334, 167, '2024-10-07 17:34:00', 'Zachary Cox has alighted from the bus.', 'https://example.com/alighted/15.jpg', 'common'),
(335, 168, '2024-10-07 16:37:00', 'Kimberly Mcbride has boarded the bus.', 'https://example.com/boarded/14.jpg', 'common'),
(336, 168, '2024-10-07 17:15:00', 'Kimberly Mcbride has alighted from the bus.', 'https://example.com/alighted/14.jpg', 'common'),
(337, 169, '2024-10-07 16:38:00', 'Renee Robinson has boarded the bus.', 'https://example.com/boarded/17.jpg', 'common'),
(338, 169, '2024-10-07 17:29:00', 'Renee Robinson has alighted from the bus.', 'https://example.com/alighted/17.jpg', 'common'),
(339, 170, '2024-10-07 16:40:00', 'Victoria Ashley has boarded the bus.', 'https://example.com/boarded/10.jpg', 'common'),
(340, 170, '2024-10-07 17:11:00', 'Victoria Ashley has alighted from the bus.', 'https://example.com/alighted/10.jpg', 'common'),
(341, 171, '2024-10-07 16:37:00', 'Nicole Wilson has boarded the bus.', 'https://example.com/boarded/23.jpg', 'common'),
(342, 171, '2024-10-07 17:24:00', 'Nicole Wilson has alighted from the bus.', 'https://example.com/alighted/23.jpg', 'common'),
(343, 172, '2024-10-07 16:31:00', 'Matthew Moore has boarded the bus.', 'https://example.com/boarded/42.jpg', 'common'),
(344, 172, '2024-10-07 17:11:00', 'Matthew Moore has alighted from the bus.', 'https://example.com/alighted/42.jpg', 'common'),
(345, 173, '2024-10-07 16:39:00', 'Michelle Mueller has boarded the bus.', 'https://example.com/boarded/5.jpg', 'common'),
(346, 173, '2024-10-07 17:33:00', 'Michelle Mueller has alighted from the bus.', 'https://example.com/alighted/5.jpg', 'common'),
(347, 174, '2024-10-07 17:40:00', 'Sheryl Huff has boarded the bus.', 'https://example.com/boarded/36.jpg', 'common'),
(348, 174, '2024-10-07 18:23:00', 'Sheryl Huff has alighted from the bus.', 'https://example.com/alighted/36.jpg', 'common'),
(349, 175, '2024-10-07 17:40:00', 'Matthew Moore has boarded the bus.', 'https://example.com/boarded/42.jpg', 'common'),
(350, 175, '2024-10-07 18:11:00', 'Matthew Moore has alighted from the bus.', 'https://example.com/alighted/42.jpg', 'common'),
(351, 176, '2024-10-07 17:34:00', 'Michelle Mueller has boarded the bus.', 'https://example.com/boarded/5.jpg', 'common'),
(352, 176, '2024-10-07 18:13:00', 'Michelle Mueller has alighted from the bus.', 'https://example.com/alighted/5.jpg', 'common'),
(353, 177, '2024-10-07 17:33:00', 'Elizabeth Hill has boarded the bus.', 'https://example.com/boarded/6.jpg', 'common'),
(354, 177, '2024-10-07 18:24:00', 'Elizabeth Hill has alighted from the bus.', 'https://example.com/alighted/6.jpg', 'common'),
(355, 178, '2024-10-07 17:37:00', 'Matthew Turner has boarded the bus.', 'https://example.com/boarded/37.jpg', 'common'),
(356, 178, '2024-10-07 18:37:00', 'Matthew Turner has alighted from the bus.', 'https://example.com/alighted/37.jpg', 'common'),
(357, 179, '2024-10-07 17:37:00', 'Renee Robinson has boarded the bus.', 'https://example.com/boarded/17.jpg', 'common'),
(358, 179, '2024-10-07 18:28:00', 'Renee Robinson has alighted from the bus.', 'https://example.com/alighted/17.jpg', 'common'),
(359, 180, '2024-10-07 17:32:00', 'Benjamin Wilson has boarded the bus.', 'https://example.com/boarded/55.jpg', 'common'),
(360, 180, '2024-10-07 18:26:00', 'Benjamin Wilson has alighted from the bus.', 'https://example.com/alighted/55.jpg', 'common'),
(361, 181, '2024-10-07 17:40:00', 'Nicholas White has boarded the bus.', 'https://example.com/boarded/33.jpg', 'common'),
(362, 181, '2024-10-07 18:13:00', 'Nicholas White has alighted from the bus.', 'https://example.com/alighted/33.jpg', 'common'),
(363, 182, '2024-10-07 17:37:00', 'Amy Rodriguez has boarded the bus.', 'https://example.com/boarded/21.jpg', 'common'),
(364, 182, '2024-10-07 18:29:00', 'Amy Rodriguez has alighted from the bus.', 'https://example.com/alighted/21.jpg', 'common'),
(365, 183, '2024-10-07 17:30:00', 'Rebekah Gould has boarded the bus.', 'https://example.com/boarded/1.jpg', 'common'),
(366, 183, '2024-10-07 18:12:00', 'Rebekah Gould has alighted from the bus.', 'https://example.com/alighted/1.jpg', 'common'),
(367, 184, '2024-10-07 17:37:00', 'Robert Maldonado has boarded the bus.', 'https://example.com/boarded/54.jpg', 'common'),
(368, 184, '2024-10-07 18:08:00', 'Robert Maldonado has alighted from the bus.', 'https://example.com/alighted/54.jpg', 'common'),
(369, 185, '2024-10-07 17:32:00', 'Ashley Bell has boarded the bus.', 'https://example.com/boarded/44.jpg', 'common'),
(370, 185, '2024-10-07 18:04:00', 'Ashley Bell has alighted from the bus.', 'https://example.com/alighted/44.jpg', 'common'),
(371, 186, '2024-10-07 17:32:00', 'Charles Benson has boarded the bus.', 'https://example.com/boarded/27.jpg', 'common'),
(372, 186, '2024-10-07 18:07:00', 'Charles Benson has alighted from the bus.', 'https://example.com/alighted/27.jpg', 'common'),
(373, 187, '2024-10-07 17:39:00', 'Gregory Gates has boarded the bus.', 'https://example.com/boarded/58.jpg', 'common'),
(374, 187, '2024-10-07 18:10:00', 'Gregory Gates has alighted from the bus.', 'https://example.com/alighted/58.jpg', 'common'),
(375, 188, '2024-10-07 17:36:00', 'Heather West has boarded the bus.', 'https://example.com/boarded/11.jpg', 'common'),
(376, 188, '2024-10-07 18:30:00', 'Heather West has alighted from the bus.', 'https://example.com/alighted/11.jpg', 'common'),
(377, 189, '2024-10-07 17:33:00', 'Kathy Lopez has boarded the bus.', 'https://example.com/boarded/53.jpg', 'common'),
(378, 189, '2024-10-07 18:23:00', 'Kathy Lopez has alighted from the bus.', 'https://example.com/alighted/53.jpg', 'common'),
(379, 190, '2024-10-07 17:37:00', 'Veronica Hutchinson has boarded the bus.', 'https://example.com/boarded/2.jpg', 'common'),
(380, 190, '2024-10-07 18:15:00', 'Veronica Hutchinson has alighted from the bus.', 'https://example.com/alighted/2.jpg', 'common'),
(381, 191, '2024-10-07 17:36:00', 'Stephanie Nunez has boarded the bus.', 'https://example.com/boarded/8.jpg', 'common'),
(382, 191, '2024-10-07 18:27:00', 'Stephanie Nunez has alighted from the bus.', 'https://example.com/alighted/8.jpg', 'common'),
(383, 192, '2024-10-07 17:30:00', 'Heather West has boarded the bus.', 'https://example.com/boarded/11.jpg', 'common'),
(384, 192, '2024-10-07 18:21:00', 'Heather West has alighted from the bus.', 'https://example.com/alighted/11.jpg', 'common'),
(385, 193, '2024-10-07 17:33:00', 'Charles Benson has boarded the bus.', 'https://example.com/boarded/27.jpg', 'common'),
(386, 193, '2024-10-07 18:16:00', 'Charles Benson has alighted from the bus.', 'https://example.com/alighted/27.jpg', 'common'),
(387, 194, '2024-10-07 17:31:00', 'Gregory Gates has boarded the bus.', 'https://example.com/boarded/58.jpg', 'common'),
(388, 194, '2024-10-07 18:16:00', 'Gregory Gates has alighted from the bus.', 'https://example.com/alighted/58.jpg', 'common'),
(389, 195, '2024-10-07 17:32:00', 'Bradley Harper has boarded the bus.', 'https://example.com/boarded/56.jpg', 'common'),
(390, 195, '2024-10-07 18:14:00', 'Bradley Harper has alighted from the bus.', 'https://example.com/alighted/56.jpg', 'common'),
(391, 196, '2024-10-07 17:34:00', 'Jermaine Moore has boarded the bus.', 'https://example.com/boarded/39.jpg', 'common'),
(392, 196, '2024-10-07 18:26:00', 'Jermaine Moore has alighted from the bus.', 'https://example.com/alighted/39.jpg', 'common'),
(393, 197, '2024-10-07 17:33:00', 'Renee Robinson has boarded the bus.', 'https://example.com/boarded/17.jpg', 'common'),
(394, 197, '2024-10-07 18:30:00', 'Renee Robinson has alighted from the bus.', 'https://example.com/alighted/17.jpg', 'common'),
(395, 198, '2024-10-07 17:33:00', 'Benjamin Wilson has boarded the bus.', 'https://example.com/boarded/55.jpg', 'common'),
(396, 198, '2024-10-07 18:21:00', 'Benjamin Wilson has alighted from the bus.', 'https://example.com/alighted/55.jpg', 'common'),
(397, 199, '2024-10-07 17:40:00', 'Mr. John Haynes has boarded the bus.', 'https://example.com/boarded/57.jpg', 'common'),
(398, 199, '2024-10-07 18:30:00', 'Mr. John Haynes has alighted from the bus.', 'https://example.com/alighted/57.jpg', 'common'),
(399, 200, '2024-10-07 17:33:00', 'Jennifer Johnson has boarded the bus.', 'https://example.com/boarded/34.jpg', 'common'),
(400, 200, '2024-10-07 18:17:00', 'Jennifer Johnson has alighted from the bus.', 'https://example.com/alighted/34.jpg', 'common'),
(401, 201, '2024-10-07 17:33:00', 'Megan Rogers has boarded the bus.', 'https://example.com/boarded/35.jpg', 'common'),
(402, 201, '2024-10-07 18:03:00', 'Megan Rogers has alighted from the bus.', 'https://example.com/alighted/35.jpg', 'common'),
(403, 202, '2024-10-07 17:39:00', 'Matthew Turner has boarded the bus.', 'https://example.com/boarded/37.jpg', 'common'),
(404, 202, '2024-10-07 18:20:00', 'Matthew Turner has alighted from the bus.', 'https://example.com/alighted/37.jpg', 'common'),
(405, 203, '2024-10-07 17:33:00', 'Heather Shaw has boarded the bus.', 'https://example.com/boarded/3.jpg', 'common'),
(406, 203, '2024-10-07 18:19:00', 'Heather Shaw has alighted from the bus.', 'https://example.com/alighted/3.jpg', 'common'),
(407, 204, '2024-10-07 17:34:00', 'Mercedes Dunn has boarded the bus.', 'https://example.com/boarded/30.jpg', 'common'),
(408, 204, '2024-10-07 18:10:00', 'Mercedes Dunn has alighted from the bus.', 'https://example.com/alighted/30.jpg', 'common'),
(409, 205, '2024-10-07 17:37:00', 'Victoria Ashley has boarded the bus.', 'https://example.com/boarded/10.jpg', 'common'),
(410, 205, '2024-10-07 18:10:00', 'Victoria Ashley has alighted from the bus.', 'https://example.com/alighted/10.jpg', 'common'),
(411, 206, '2024-10-08 08:02:00', 'Robert Maldonado has boarded the bus.', 'https://example.com/boarded/54.jpg', 'common'),
(412, 207, '2024-10-08 08:01:00', 'Tammy Sherman has boarded the bus.', 'https://example.com/boarded/31.jpg', 'common'),
(413, 208, '2024-10-08 08:07:00', 'Jermaine Moore has boarded the bus.', 'https://example.com/boarded/39.jpg', 'common'),
(414, 209, '2024-10-08 08:06:00', 'Victoria Ashley has boarded the bus.', 'https://example.com/boarded/10.jpg', 'common'),
(415, 210, '2024-10-08 08:08:00', 'Richard Johnson has boarded the bus.', 'https://example.com/boarded/25.jpg', 'common'),
(416, 211, '2024-10-08 08:08:00', 'Brenda Alvarez has boarded the bus.', 'https://example.com/boarded/29.jpg', 'common'),
(417, 212, '2024-10-08 08:00:00', 'Daniel Riley has boarded the bus.', 'https://example.com/boarded/59.jpg', 'common'),
(418, 213, '2024-10-08 08:08:00', 'Veronica Hutchinson has boarded the bus.', 'https://example.com/boarded/2.jpg', 'common'),
(419, 214, '2024-10-08 08:08:00', 'Kimberly Mcbride has boarded the bus.', 'https://example.com/boarded/14.jpg', 'common'),
(420, 215, '2024-10-08 08:08:00', 'Valerie Hill has boarded the bus.', 'https://example.com/boarded/40.jpg', 'common'),
(421, 216, '2024-10-08 08:08:00', 'William Hill has boarded the bus.', 'https://example.com/boarded/60.jpg', 'common'),
(422, 217, '2024-10-08 08:04:00', 'Michelle Mueller has boarded the bus.', 'https://example.com/boarded/5.jpg', 'common'),
(423, 218, '2024-10-08 08:08:00', 'Amanda Lambert has boarded the bus.', 'https://example.com/boarded/7.jpg', 'common'),
(424, 219, '2024-10-08 08:01:00', 'Kelsey Chavez has boarded the bus.', 'https://example.com/boarded/49.jpg', 'common'),
(425, 220, '2024-10-08 08:03:00', 'Connor Gomez has boarded the bus.', 'https://example.com/boarded/9.jpg', 'common'),
(426, 220, '2024-10-08 08:32:00', 'Connor Gomez has alighted from the bus.', 'https://example.com/alighted/9.jpg', 'common'),
(427, 221, '2024-10-08 08:06:00', 'Kenneth Alexander MD has boarded the bus.', 'https://example.com/boarded/24.jpg', 'common'),
(428, 221, '2024-10-08 08:21:00', 'Kenneth Alexander MD has alighted from the bus.', 'https://example.com/alighted/24.jpg', 'common'),
(429, 222, '2024-10-08 08:01:00', 'Thomas Hunt has boarded the bus.', 'https://example.com/boarded/22.jpg', 'common'),
(430, 222, '2024-10-08 08:31:00', 'Thomas Hunt has alighted from the bus.', 'https://example.com/alighted/22.jpg', 'common'),
(431, 223, '2024-10-08 08:07:00', 'James Sanders has boarded the bus.', 'https://example.com/boarded/41.jpg', 'common'),
(432, 223, '2024-10-08 08:37:00', 'James Sanders has alighted from the bus.', 'https://example.com/alighted/41.jpg', 'common'),
(433, 224, '2024-10-08 08:01:00', 'Alejandra Johnson has boarded the bus.', 'https://example.com/boarded/38.jpg', 'common'),
(434, 224, '2024-10-08 08:16:00', 'Alejandra Johnson has alighted from the bus.', 'https://example.com/alighted/38.jpg', 'common'),
(435, 225, '2024-10-08 08:07:00', 'Sheryl Huff has boarded the bus.', 'https://example.com/boarded/36.jpg', 'common'),
(436, 225, '2024-10-08 08:23:00', 'Sheryl Huff has alighted from the bus.', 'https://example.com/alighted/36.jpg', 'common'),
(437, 226, '2024-10-08 08:07:00', 'Ray Morales has boarded the bus.', 'https://example.com/boarded/16.jpg', 'common'),
(438, 226, '2024-10-08 08:32:00', 'Ray Morales has alighted from the bus.', 'https://example.com/alighted/16.jpg', 'common'),
(439, 227, '2024-10-08 08:04:00', 'Elizabeth Hill has boarded the bus.', 'https://example.com/boarded/6.jpg', 'common'),
(440, 227, '2024-10-08 08:33:00', 'Elizabeth Hill has alighted from the bus.', 'https://example.com/alighted/6.jpg', 'common'),
(441, 228, '2024-10-08 08:05:00', 'Heather Shaw has boarded the bus.', 'https://example.com/boarded/3.jpg', 'common'),
(442, 228, '2024-10-08 08:33:00', 'Heather Shaw has alighted from the bus.', 'https://example.com/alighted/3.jpg', 'common'),
(443, 229, '2024-10-08 08:02:00', 'Nicholas White has boarded the bus.', 'https://example.com/boarded/33.jpg', 'common'),
(444, 229, '2024-10-08 08:17:00', 'Nicholas White has alighted from the bus.', 'https://example.com/alighted/33.jpg', 'common'),
(445, 230, '2024-10-08 08:08:00', 'Kathleen Baker has boarded the bus.', 'https://example.com/boarded/43.jpg', 'common'),
(446, 230, '2024-10-08 08:24:00', 'Kathleen Baker has alighted from the bus.', 'https://example.com/alighted/43.jpg', 'common'),
(447, 231, '2024-10-08 08:06:00', 'Mr. John Haynes has boarded the bus.', 'https://example.com/boarded/57.jpg', 'common'),
(448, 231, '2024-10-08 08:25:00', 'Mr. John Haynes has alighted from the bus.', 'https://example.com/alighted/57.jpg', 'common'),
(449, 232, '2024-10-08 08:10:00', 'Stacy Russell has boarded the bus.', 'https://example.com/boarded/46.jpg', 'common'),
(450, 232, '2024-10-08 08:37:00', 'Stacy Russell has alighted from the bus.', 'https://example.com/alighted/46.jpg', 'common'),
(451, 233, '2024-10-08 08:04:00', 'Mercedes Dunn has boarded the bus.', 'https://example.com/boarded/30.jpg', 'common'),
(452, 233, '2024-10-08 08:23:00', 'Mercedes Dunn has alighted from the bus.', 'https://example.com/alighted/30.jpg', 'common'),
(453, 234, '2024-10-08 08:06:00', 'Heidi Page has boarded the bus.', 'https://example.com/boarded/18.jpg', 'common'),
(454, 234, '2024-10-08 08:26:00', 'Heidi Page has alighted from the bus.', 'https://example.com/alighted/18.jpg', 'common'),
(455, 235, '2024-10-08 16:40:00', 'Marissa Campbell has boarded the bus.', 'https://example.com/boarded/32.jpg', 'common'),
(456, 236, '2024-10-08 16:39:00', 'Matthew Turner has boarded the bus.', 'https://example.com/boarded/37.jpg', 'common'),
(457, 237, '2024-10-08 16:37:00', 'William Hill has boarded the bus.', 'https://example.com/boarded/60.jpg', 'common'),
(458, 238, '2024-10-08 16:40:00', 'Mr. John Haynes has boarded the bus.', 'https://example.com/boarded/57.jpg', 'common'),
(459, 239, '2024-10-08 16:32:00', 'Mercedes Dunn has boarded the bus.', 'https://example.com/boarded/30.jpg', 'common'),
(460, 240, '2024-10-08 16:32:00', 'Kimberly Mcbride has boarded the bus.', 'https://example.com/boarded/14.jpg', 'common'),
(461, 241, '2024-10-08 16:40:00', 'Heather Shaw has boarded the bus.', 'https://example.com/boarded/3.jpg', 'common'),
(462, 242, '2024-10-08 16:32:00', 'Benjamin Wilson has boarded the bus.', 'https://example.com/boarded/55.jpg', 'common'),
(463, 243, '2024-10-08 16:40:00', 'Nicholas White has boarded the bus.', 'https://example.com/boarded/33.jpg', 'common'),
(464, 244, '2024-10-08 16:38:00', 'Heather West has boarded the bus.', 'https://example.com/boarded/11.jpg', 'common'),
(465, 245, '2024-10-08 16:30:00', 'Jermaine Moore has boarded the bus.', 'https://example.com/boarded/39.jpg', 'common'),
(466, 246, '2024-10-08 16:37:00', 'Amanda Lambert has boarded the bus.', 'https://example.com/boarded/7.jpg', 'common'),
(467, 247, '2024-10-08 16:38:00', 'Victoria Ashley has boarded the bus.', 'https://example.com/boarded/10.jpg', 'common'),
(468, 248, '2024-10-08 16:33:00', 'Cynthia Brown has boarded the bus.', 'https://example.com/boarded/48.jpg', 'common'),
(469, 249, '2024-10-08 16:37:00', 'Matthew Williams has boarded the bus.', 'https://example.com/boarded/52.jpg', 'common'),
(470, 250, '2024-10-08 16:30:00', 'Tammy Sherman has boarded the bus.', 'https://example.com/boarded/31.jpg', 'common'),
(471, 251, '2024-10-08 16:38:00', 'Kathy Lopez has boarded the bus.', 'https://example.com/boarded/53.jpg', 'common'),
(472, 252, '2024-10-08 16:37:00', 'Heidi Page has boarded the bus.', 'https://example.com/boarded/18.jpg', 'common'),
(473, 253, '2024-10-08 16:39:00', 'Zachary Cox has boarded the bus.', 'https://example.com/boarded/15.jpg', 'common'),
(474, 254, '2024-10-08 16:33:00', 'Charles Benson has boarded the bus.', 'https://example.com/boarded/27.jpg', 'common'),
(475, 255, '2024-10-08 16:40:00', 'Amy Rodriguez has boarded the bus.', 'https://example.com/boarded/21.jpg', 'common'),
(476, 256, '2024-10-08 16:31:00', 'Martha Armstrong has boarded the bus.', 'https://example.com/boarded/19.jpg', 'common'),
(477, 257, '2024-10-08 16:31:00', 'Gregory Gates has boarded the bus.', 'https://example.com/boarded/58.jpg', 'common'),
(478, 258, '2024-10-08 16:36:00', 'Veronica Hutchinson has boarded the bus.', 'https://example.com/boarded/2.jpg', 'common'),
(479, 259, '2024-10-08 16:33:00', 'Matthew Turner has boarded the bus.', 'https://example.com/boarded/37.jpg', 'common'),
(480, 260, '2024-10-08 16:34:00', 'Kelsey Chavez has boarded the bus.', 'https://example.com/boarded/49.jpg', 'common'),
(481, 261, '2024-10-08 16:36:00', 'Tammy Sherman has boarded the bus.', 'https://example.com/boarded/31.jpg', 'common'),
(482, 262, '2024-10-08 16:40:00', 'Robert Maldonado has boarded the bus.', 'https://example.com/boarded/54.jpg', 'common'),
(483, 263, '2024-10-08 16:35:00', 'Richard Johnson has boarded the bus.', 'https://example.com/boarded/25.jpg', 'common'),
(484, 264, '2024-10-08 16:37:00', 'Cynthia Brown has boarded the bus.', 'https://example.com/boarded/48.jpg', 'common'),
(485, 265, '2024-10-08 16:33:00', 'Ashley Bell has boarded the bus.', 'https://example.com/boarded/44.jpg', 'common'),
(486, 266, '2024-10-08 16:30:00', 'Amanda Lambert has boarded the bus.', 'https://example.com/boarded/7.jpg', 'common'),
(487, 274, '2024-10-08 17:13:48', 'Veronica Hutchinson has boarded the bus', 'data/recognized_faces_check_in/1_2024_10_04_16_17_00/1_2024_10_04_16_17_00_realtime_checkin_2024_10_04.png', 'common'),
(488, 274, '2024-10-08 17:14:21', 'Veronica Hutchinson has boarded the bus', 'data/recognized_faces_check_in/1_2024_10_04_16_17_00/1_2024_10_04_16_17_00_realtime_checkin_2024_10_04.png', 'common'),
(489, 274, '2024-10-08 17:14:40', 'Veronica Hutchinson has boarded the bus', 'data/recognized_faces_check_in/1_2024_10_04_16_17_00/1_2024_10_04_16_17_00_realtime_checkin_2024_10_04.png', 'common'),
(490, 274, '2024-10-08 17:15:36', 'Veronica Hutchinson has alighted the bus', 'data/recognized_faces_check_in/1_2024_10_04_16_17_00/1_2024_10_04_16_17_00_realtime_checkin_2024_10_04.png', 'common'),
(491, 268, '2024-10-08 19:41:37', 'Rebekah Gould has alighted the bus', 'data/recognized_faces_check_in/1_2024_10_08_19_41_37/1_2024_10_08_19_41_37_realtime_checkin_2024_10_08.png', 'common'),
(492, 268, '2024-10-08 19:42:40', 'Rebekah Gould has boarded the bus', 'data/recognized_faces_check_in/1_2024_10_08_19_42_40/1_2024_10_08_19_42_40_realtime_checkin_2024_10_08.png', 'common'),
(493, 268, '2024-10-08 19:46:05', 'Rebekah Gould has alighted the bus', 'data/recognized_faces_check_in/1_2024_10_08_19_46_05/1_2024_10_08_19_46_05_realtime_checkin_2024_10_08.png', 'common'),
(494, 268, '2024-10-08 19:48:29', 'Rebekah Gould has boarded the bus', 'data/recognized_faces_check_in/1_2024_10_08_19_48_29/1_2024_10_08_19_48_29_realtime_checkin_2024_10_08.png', 'common'),
(495, 268, '2024-10-08 19:50:06', 'Rebekah Gould has alighted the bus', 'data/recognized_faces_check_in/1_2024_10_08_19_50_06/1_2024_10_08_19_50_06_realtime_checkin_2024_10_08.png', 'common'),
(496, 268, '2024-10-08 19:51:04', 'Rebekah Gould has boarded the bus', 'data/recognized_faces_check_in/1_2024_10_08_19_51_04/1_2024_10_08_19_51_04_realtime_checkin_2024_10_08.png', 'common'),
(497, 268, '2024-10-08 19:59:15', 'Rebekah Gould has alighted the bus', 'data/recognized_faces_check_in/1_2024_10_08_19_59_15/1_2024_10_08_19_59_15_realtime_checkin_2024_10_08.png', 'common'),
(498, 268, '2024-10-08 23:06:05', 'Rebekah Gould has boarded the bus', 'data/recognized_faces_check_in/1_2024_10_08_23_06_05/1_2024_10_08_23_06_05_realtime_checkin_2024_10_08.png', 'common'),
(499, 268, '2024-10-08 23:12:09', 'Rebekah Gould has alighted the bus', 'data/recognized_faces_check_in/1_2024_10_08_23_12_09/1_2024_10_08_23_12_09_realtime_checkin_2024_10_08.png', 'common'),
(500, 268, '2024-10-08 23:14:42', 'Rebekah Gould has boarded the bus', 'data/recognized_faces_check_in/1_2024_10_08_23_14_42/1_2024_10_08_23_14_42_realtime_checkin_2024_10_08.png', 'common'),
(501, 268, '2024-10-08 23:21:48', 'Rebekah Gould has alighted the bus', 'data/recognized_faces_check_in/1_2024_10_08_23_21_48/1_2024_10_08_23_21_48_realtime_checkin_2024_10_08.png', 'common');

INSERT INTO `Parent` (`parent_id`, `user_id`, `address`, `relationship`) VALUES
(1, 1, '5949 Anita Track Apt. 932, North Cheryl, GU 64953', 'Father');
INSERT INTO `Parent` (`parent_id`, `user_id`, `address`, `relationship`) VALUES
(2, 2, '16016 Veronica Rest Suite 311, North Dawn, MN 03787', 'Mother');
INSERT INTO `Parent` (`parent_id`, `user_id`, `address`, `relationship`) VALUES
(3, 3, '70918 Phillips Motorway, Stewartborough, CO 48300', 'Father');
INSERT INTO `Parent` (`parent_id`, `user_id`, `address`, `relationship`) VALUES
(4, 4, '65740 Christopher Burgs, Greggport, IA 07692', 'Other'),
(5, 5, '4384 Andrew Island Suite 184, Owenston, ND 97920', 'Other'),
(6, 6, '93092 Anna Canyon, New Kathryn, MI 68510', 'Mother'),
(7, 7, '07095 Crawford Point, Lake Carl, CA 32186', 'Father'),
(8, 8, '5437 Jason Dale Apt. 628, Lake Aaron, MI 29000', 'Father'),
(9, 9, '39957 Everett Garden Suite 455, Lake Christopher, RI 62553', 'Other'),
(10, 10, '322 Eaton Turnpike, Codymouth, NH 13392', 'Mother'),
(11, 11, '2807 Grace Oval Suite 765, West Elizabeth, TX 75255', 'Other'),
(12, 12, '15782 Heath Loop Suite 896, Smithside, NM 17466', 'Father'),
(13, 13, '000 John Road Apt. 122, Lindsaybury, ND 13806', 'Father'),
(14, 14, '982 Brown Squares, Richardborough, LA 85218', 'Other'),
(15, 15, '24975 Brandon Lake, Aaronborough, MN 94528', 'Other'),
(16, 16, 'USS Woods, FPO AA 21819', 'Other'),
(17, 17, '27218 Ramirez Mews Apt. 204, Ericburgh, IL 77732', 'Father'),
(18, 18, '5023 Louis Flat, Sparksside, SD 40333', 'Other'),
(19, 19, '0791 Ricky Curve Apt. 837, Anthonyshire, ID 53234', 'Mother'),
(20, 20, 'Unit 4833 Box 6281, DPO AA 74038', 'Other'),
(21, 21, '73293 Richard Roads Apt. 321, Lake Johnberg, OH 10819', 'Other'),
(22, 22, '69029 Jennifer Creek, Lake Matthew, OK 12676', 'Mother'),
(23, 23, 'USCGC Hoffman, FPO AP 94250', 'Father'),
(24, 24, '250 Stephen Springs Suite 998, West Cameron, ID 50077', 'Father'),
(25, 25, '34702 Kathleen Fall Suite 076, South Michael, VA 93844', 'Other'),
(26, 26, '460 Gerald Run, Sanchezbury, NE 41726', 'Mother'),
(27, 27, '67720 Steven Inlet Suite 894, Mirandaport, CO 21599', 'Mother'),
(28, 28, '53164 Warren Gardens, North Markberg, SD 39539', 'Other'),
(29, 29, '930 Gibson Wall, Cookshire, ME 90066', 'Other'),
(30, 30, 'Unit 2347 Box 9338, DPO AE 45850', 'Other'),
(31, 31, '412 Day Plain, Bentonmouth, VI 99365', 'Father'),
(32, 32, '24088 Matthew Ridge Apt. 618, South Nancy, LA 68713', 'Father'),
(33, 33, '338 Paul Road, Lake Johnton, OK 92095', 'Mother'),
(34, 34, '2106 Anderson Knoll, Brownland, PW 02626', 'Mother'),
(35, 35, '927 Carter Wells Apt. 430, Pennyshire, ID 56810', 'Other'),
(36, 36, 'USS Young, FPO AP 15537', 'Other'),
(37, 37, '6448 Sean Rest Suite 835, East Melissamouth, NJ 02792', 'Father'),
(38, 38, '49412 Rojas Pass Suite 604, Port Stephanie, MS 61282', 'Mother'),
(39, 39, '587 Lowery Radial, East Jameschester, NC 50690', 'Other'),
(40, 40, '0621 James Crest, Josephmouth, IN 80125', 'Father'),
(41, 41, '0124 Wanda Inlet, Susanbury, KY 83951', 'Father'),
(42, 42, 'PSC 2435, Box 3923, APO AE 38021', 'Other'),
(43, 43, '06512 Emily Drive Suite 022, South Marilyn, MO 61398', 'Father'),
(44, 44, '262 Lane Curve, Nathanmouth, IN 73589', 'Father'),
(45, 45, '84687 Jasmine Wells Suite 569, Delacruzhaven, VT 05442', 'Other'),
(46, 46, 'PSC 6506, Box 8194, APO AP 49112', 'Other'),
(47, 47, '45866 Flynn Stream, Hillland, NV 51130', 'Other'),
(48, 48, 'PSC 3205, Box 5732, APO AE 45842', 'Other'),
(49, 49, '039 Silva Brook, Port Wendyberg, GA 89757', 'Father'),
(50, 50, '293 Thomas Grove, North Jillfort, NM 08551', 'Father'),
(51, 51, '048 Rodriguez Skyway, Port Daniel, WV 18126', 'Father'),
(52, 52, '5692 Julie Well Apt. 150, Lake Dawnmouth, HI 04167', 'Mother'),
(53, 53, '24751 Dana Brook, Lake Walter, OR 61244', 'Mother'),
(54, 54, '4366 Jerry Haven, Andrewchester, IL 07045', 'Mother'),
(55, 55, '867 Jenna Point Apt. 480, North Cheryl, MA 67962', 'Mother'),
(56, 56, '729 David Ports, New John, NC 06035', 'Father'),
(57, 57, '513 Jessica Road Apt. 857, Amandaside, OH 45099', 'Mother'),
(58, 58, '129 Amber Plains, Travisshire, NJ 32825', 'Mother'),
(59, 59, 'Unit 3585 Box 1799, DPO AP 09951', 'Other'),
(60, 60, '5396 Matthew Curve Apt. 067, East Wandabury, IL 55770', 'Other'),
(61, 61, '33878 Aguilar Fork Suite 695, Lake Theresa, WV 60271', 'Father'),
(62, 62, '0649 Serrano Crossing, Steventon, VA 66956', 'Mother'),
(63, 63, '164 Jacqueline Spring, Acostabury, DC 14460', 'Mother'),
(64, 64, '18594 Cruz Expressway Suite 832, Andreachester, WA 89940', 'Mother'),
(65, 65, 'Unit 3579 Box 5845, DPO AA 19321', 'Mother'),
(66, 66, '9450 Ashley Knoll, Margarethaven, IN 24898', 'Father'),
(67, 67, '2922 Kennedy Expressway, West Kathy, DE 32326', 'Mother'),
(68, 68, '73552 Ryan Fords, East Susanburgh, VA 64867', 'Mother'),
(69, 69, '7403 Jessica Ports, Margarethaven, MH 74696', 'Mother'),
(70, 70, 'PSC 1919, Box 7385, APO AE 35812', 'Other'),
(71, 71, 'Unit 2244 Box 2802, DPO AP 85993', 'Father'),
(72, 72, '93639 Fisher Hill, Lake Zacharyland, VT 88388', 'Father'),
(73, 73, '261 Jeffrey Center, Lake Stephaniebury, DC 95976', 'Mother'),
(74, 74, '68259 Christy Garden, West Josephfort, TX 27846', 'Mother'),
(75, 75, '208 Charles Trace Suite 872, Kruegerfurt, MA 31516', 'Father'),
(76, 76, '3942 Campbell Lights, East Christineside, MN 52699', 'Father'),
(77, 77, '660 Marie Point Apt. 307, South Monica, AS 58571', 'Father'),
(78, 78, '262 Pena Pike Apt. 165, North Kathrynville, NM 38616', 'Other'),
(79, 79, '02439 Thompson Lake, New Stephanie, RI 78710', 'Father'),
(80, 80, '411 Yolanda Lodge Suite 342, Larryton, NJ 32050', 'Father'),
(81, 81, '592 Brian Trafficway, New Andrew, MI 79428', 'Father'),
(82, 82, '7257 Ricardo Lock, West Nicolemouth, WV 47720', 'Other'),
(83, 83, '386 Kelli Loop, Garcialand, MI 43458', 'Other'),
(84, 84, '03459 Stewart Turnpike, New Paul, AL 87225', 'Father'),
(85, 85, '3788 Harris Port, Samanthaborough, AL 37332', 'Other'),
(86, 86, '8957 Sullivan Junction Suite 400, Matthewton, GU 28901', 'Father'),
(87, 87, 'Unit 1320 Box 2941, DPO AP 29638', 'Mother'),
(88, 88, '668 Young Manor Apt. 124, South Barbara, PR 86647', 'Other'),
(89, 89, '540 Ryan Knolls, West Davidton, KY 74620', 'Other'),
(90, 90, '61993 Jo Heights Apt. 189, Bookerborough, MA 02571', 'Other'),
(91, 91, '74010 Barrett Via, Kelleyhaven, HI 01824', 'Mother'),
(92, 92, '2656 Montgomery Crest Suite 295, Josephland, TX 26297', 'Mother'),
(93, 93, '125 Jones Circles, Port Erika, AZ 24133', 'Other'),
(94, 94, '5386 Davis Lane Apt. 177, Bryanmouth, OK 57715', 'Mother'),
(95, 95, '2830 Carrie Points Suite 810, Davidville, VA 43496', 'Other'),
(96, 96, '6639 Harris Ranch, Lake Amyborough, WA 49963', 'Other'),
(97, 97, '5438 Yvonne Springs Suite 901, New Jonathanstad, UT 60969', 'Father'),
(98, 98, '7316 Anderson Loop Apt. 553, Port Valeriemouth, MI 36159', 'Father'),
(99, 99, 'USS Simmons, FPO AA 09390', 'Father'),
(100, 100, 'USS Arias, FPO AP 21383', 'Father');

INSERT INTO `Role` (`role_id`, `role_name`) VALUES
(1, 'Parent');
INSERT INTO `Role` (`role_id`, `role_name`) VALUES
(2, 'Driver');
INSERT INTO `Role` (`role_id`, `role_name`) VALUES
(3, 'Teacher');
INSERT INTO `Role` (`role_id`, `role_name`) VALUES
(4, 'Admin');

INSERT INTO `Student` (`student_id`, `name`, `class`, `teacher_id`, `driver_id`, `avatar`, `feature_vector`) VALUES
(1, 'Rebekah Gould', '3a1', 2, 2, '/9j/4AAQSkZJRgABAQAAAQABAAD/2wCEAAkGBwgHBgkIBwgKCgkLDRYPDQwMDRsUFRAWIB0iIiAdHx8kKDQsJCYxJx8fLT0tMTU3Ojo6Iys/RD84QzQ5OjcBCgoKDQwNGg8PGjclHyU3Nzc3Nzc3Nzc3Nzc3Nzc3Nzc3Nzc3Nzc3Nzc3Nzc3Nzc3Nzc3Nzc3Nzc3Nzc3Nzc3N//AABEIAMAAzAMBIgACEQEDEQH/xAAbAAACAwEBAQAAAAAAAAAAAAAAAwIEBQEGB//EADYQAAICAQMCBAMGBQQDAAAAAAABAgMRBBIhBTETQVFhBiJxFDKBkaGxIzNScuEHQmLBQ2PR/8QAFgEBAQEAAAAAAAAAAAAAAAAAAAEC/8QAFhEBAQEAAAAAAAAAAAAAAAAAAAER/9oADAMBAAIRAxEAPwD7iAAAAAAAAAAAAAAAAAELJxrjuk8IQrp2P5VhAWgFRcvNnVJp8lwMAgrIsmQAAAAAAAAAAAAAAAAAAAAAAAAAAAAAAAAcYGf1K7bbXBvjbn6nk/8AUOr4k1fw54HwnJx1krF4myyMJ7PPa3jH5np+u1SVcNRD/wAfDXsZ2m1keE2BP4dXxBoOiaLT9Woo1uqrqjG62rVZnKWO+JRSf5ljq/WtToel6zVw6PrZWUVSnCvEJb2l2+WTLNOqWFhj/HTXLX0ZR5X/AE0+MbvjHoduv1ejWmupudclDOySwnlZ+p7Kme5Nenco7qqYbaoQrjnLUEks/gWNBlwnJ5xKXBBaAAAAAAAAAAAAAAAAAAAAAAAAAAAAONpdwOib7o1rHeXoQv1Krj8vLfCKizJ5by2XAnXaZ65Ytk2vTOEUF0CUF/BvlFej5NqKGouGsGPTdfX9y2uS9x8NJ1BrEnUvxZsYOkw1mQ0F7ad16aXlGJrVPEEuOCGDie15QwWQIRnmOfzJJpog6AAAAAAAAAAAAAAAAAAAAAELLI1wcpPhAFlka45k/wDJV3ytblLiK8hOZX2b59vJeg2+Xh0y+hqQVZS8S1pdkNjwIqxGHu+46LAfEmiERiCOnQSJYAXKeOOCKkmyVkE+cCsPd8q4AnuaGVtpbl2FS7DNO004vyYqnQkpLJITJOD47E4S3LKMiYAAAAAAAAAAAAAAABxvC54M26z7Rbx/Lj29/cdrrmkqYvl8y9kLpgih1FZU6pYk4xXmzSitkTB6jbu1UYjQ6L4HwK9fYsQQKfAahUBsSoYkSwRRIUcZCWPInLsLZIISE+L4c13+aSRYkvlKOvbhU5LvFqX6/wCS1WovmQt5i+OxHST3QS9h01kglGSZ0rwlt7j88ZIOgcydAAAAAAAAF3XRpqlZLsv1GPsZOut8fUqqP3KuX7sCMd05b5d5PLLtEOxXqiXKlhFHdTLbUzzEm7Nd9D0PUbFGlmDoYb7p2P1IsaMUOghcVyOgaSmRGxFpDIhE0SOJEiCLINDGiLQgg3wUOpRb09iXdxePrgvyQi+O6P05LVhXTrd1cX6pGl3RiaB7G6/6Xg165bo5MxajYiVM/wDY/wADs0V55i1Jd0VF0CMJqcU12ZIgAAAAAABGru8DTzn5pYX18jMphtS/qfLLHUpZtrr8l87Xr5L/ALF1lirFUS3BYQilD28RLUZHWrmouKEaKGylerF9Sn4uoS9yzX91GVOiNiJix0DSGxGxFRGwCGJHQXY6RXMEZImcYCpdhUvMdJCpIqMyS8HW/wB64NTTyysGf1GONti7xkvyLWlnlIy0uvkTYsjkQmioVpntm632fKLZRm3GSl6F1POMeZB0AAAAAAxtVPfrrP8AjwMq8ikpt6q1+bk/3L2n8ixV2mPBzVT2UsZDiKwUeqWKNWBUYspbtTKXoXanlGZRLO6T85GhTLgi4tRY+DK8WNiyosJjYMrxY6DKHp8Hci0zqZMEgbDJFsDkhUicmKkwitq47qpx9UJ0VmYx55RZs57mZpJ7LJw81Jkaegrlujk7NFfS2LGCy+Soq2j9K80xz3XAi4Zonmp/3MgsgAAAAcYHl6pZ1M/7mamnfCMfOzXWQ9JtfuaumlwIuL+/CRk9Ys+TgvOXBWr032zUrf8Ay4PMvf2BGJXmMUpcNeReplwitr14euug+6m8HdPPjkK0oSHRZThMsQkExZixkZFeMhikVFmMiWSvGRLeEP3HGxW4HMCUmKkwlIVOYUTZj3ydWtk0sKTyaU7CPUNE7+n1WQi3bDlY9CKnpLd2MM01JOJ5zptzfD4xxk2arcrlgSvZPp3NLb/qEXT4f0H9O40+fVsItgcR0AOM6cA8l1JeD1e6PbMty/HH+S9p5/ImJ+LqZVKnXVxbUXssx5LybJaWq+3SKdaTWM9w0uK1NY8y50/imTxy5f8AR57S33SuVk65xqjZ4eZdnL2PQ6N7ZSh6rcgjD+I6vC10bPKyP6ooUz5PQfEOl+0aF2QWZ1Pcvp5nlarV5MLGvXPgsRngzqbMoswmBejMYplOMxqmDFlTJKZWUySmNMWNwbhG8N4MMnMRZYE5FayY0TctzSXLbwehhFRhGOOywYnSafG1G9r5K+fxNfVW+Dp7LPOMW19Qy81pUq7Lovspv9zQqsxJpcor16aVmj8ODTul2fuUul26q+x1umalB7ZqXGGGmtqLPlNHQRxpKs+az+Zj2RnbrIaVL5pLMsPtH1N+CUYqK7LhBKkAAEAAAELqoXVTqtipQmmpJ+aMLp9kunah6HU9ufDm/wDdH/6egfYRqtLTqq9l0VJZyn5r6AZX2S37Y6Z2OzRXcxTlzXLvwael0v2dc2Sm8YzIXptDGmyM/Fts2/dUmsL8u5dAjLtjGUeH69oX03W5iv4FvNb9PVHuX2PN/FKjdfXVPsq8/m/8BYw9PdkvQt4MW2uzTTSnzHyl6linU5WPQjTYjYNjYZsLsjo2hF7eSUykrSXigXN4byorTjvwBanPgrzk5TUYrMpPEV6sX4srJKFccz9EWqtLKmSstf8AE7r/AIhW9odMtLp41rmXeT9WMuqjdXKuazCSwxieeV5nSsMTqFc+m6ZWaaTndKShXv7Rz3/TIvRY0lMp3Tc7p8zbfdmp1DRQ19CqslOG2SlGcHhxa8yGl6dVRJSnKVti7Snjj6ILrnT6HHdqLYpW2eXovQvgAQAAAAAAAAAAAc8wADzfxAs9Riv/AFr92elPN/EKxr6peta/dhYUunxvpxLD9jK1fRrqW50Jtehv6KeIrJoRjGcQtrwW+yriyDi/cbHU4PY6jp9NqxKEWn7GRqfh6uWXU3EGslanJ37T7iepdI1WjdG3E42WbG+23hvP6FrRdJjJJ6iyU212TwiCEb3OSjFNv0XJq6HpOo1PzW/woP17l3Q6WmhLw6ox+iNWp4SRUqGn0VGjrxVBZx9592UtX3kaVkuDL17w8+owlbVf8uP0RI5FYSXodCAAAAAAAAAAP//Z', '-0.056089905401070915,0.08038686340053876,0.020683998862902325,-0.04481763765215874,-0.06346893186370532,-0.03288064586619536,-0.09732936322689056,-0.09068269530932109,0.16808143754800162,-0.053046820064385734,0.23295764128367105,-0.044487727185090385,-0.20406540731588999,-0.06982389216621716,0.018113377193609875,0.15476573506991068,-0.17180566489696503,-0.08037963509559631,-0.029074631165713072,-0.027929716433087986,0.04397206008434296,0.05983114739259084,-0.004542946194609006,0.06115162496765455,-0.10292434692382812,-0.29321704308191937,-0.115633524954319,-0.08215530216693878,0.014758026537795862,-0.05815944572289785,-0.10211461782455444,0.02594986806313197,-0.1369149535894394,-0.09002262353897095,0.1045411874850591,0.11678493271271388,-0.022040633174280327,-0.06923796236515045,0.18081202109654745,-0.008651434754331907,-0.21194914480050406,0.06569124509890874,0.07968418672680855,0.2227726678053538,0.19481466710567474,0.05772333343823751,-0.02526695126046737,-0.14608490218718848,0.1663327564795812,-0.13744969417651495,0.06388526161511739,0.1698742757240931,0.05901119361321131,0.0815674290060997,0.004367561700443427,-0.15186817944049835,0.005947663759191831,0.18684868017832437,-0.1664839337269465,-0.02840198576450348,0.056104293713967,-0.09506617486476898,-0.0003527030348777771,-0.07155520344773929,0.17556622624397278,0.07743909830848376,-0.11902373284101486,-0.20574718713760376,0.055661932875712715,-0.15543640653292337,-0.1050146942337354,0.08551379914085071,-0.16118217507998148,-0.1784697324037552,-0.3244970142841339,0.037483012303709984,0.4014739493529002,0.08067171648144722,-0.18220795194307962,0.08675403396288554,-0.01804426684975624,-0.07477114473779996,0.11541551103194554,0.164973313609759,0.013797534629702568,0.0032166813810666404,-0.06805283700426419,-0.03044926126797994,0.23596981167793274,-0.04313459868232409,0.01625980995595455,0.19469522933165231,-0.013404599701364836,0.1296034355958303,0.0221488019451499,0.044803900023301445,-0.07396452873945236,0.0012995358556509018,-0.12340645988782246,-0.04537827894091606,-0.009206927885922292,-0.02295440062880516,-0.0084463469684124,0.10828559100627899,-0.21309272448221842,0.13974507401386896,0.05378260463476181,0.009091997519135475,0.014065575941155354,-0.011865738779306412,-0.02260926490028699,-0.05747044707338015,0.15241698920726776,-0.2755684554576874,0.185698131720225,0.15661310652891794,0.08915314078330994,0.1453514670332273,0.07500162223974864,0.08142114679018657,-0.02000352554023266,-0.02191231648127238,-0.2130681872367859,-0.013980098068714142,0.07128182798624039,0.004670941426108281,0.08591039727131526,0.007275638946642478');
INSERT INTO `Student` (`student_id`, `name`, `class`, `teacher_id`, `driver_id`, `avatar`, `feature_vector`) VALUES
(2, 'Veronica Hutchinson', '2a2', 3, 3, 'https://example.com/avata.jpg', 'j9EAAsRjU15NiInki7D8fohOQsJf46drcNo1xQrQjGehJ47cij9/j/swTsI3VsRrAIMFPC2AJZ4NDNxB+hvr8omOxJ53B71pazvT9bSaD3nFhiBPNadTgC7bM0IojX82bfJzYIzxs4hLLOHTJ2JlToN9bIxYxy4uXHidYXbFm6c=');
INSERT INTO `Student` (`student_id`, `name`, `class`, `teacher_id`, `driver_id`, `avatar`, `feature_vector`) VALUES
(3, 'Heather Shaw', '3a1', 2, 2, 'https://example.com/avata.jpg', 'evw1yLy6/haTMGYo3Sq/WLYRfY3HBehUcdVRNk6OSkOVqt6WyzjdjQCDFcw+krY3Ggvtau35YTmcX12CnfOxZPTqbDddvmR8tw6CWMJaxXGVZzUU4llKfkxjqKjZCnIknJG52dsknWBWMPG5txL+a7fy5PjllPY1VE/RtZyS/MA=');
INSERT INTO `Student` (`student_id`, `name`, `class`, `teacher_id`, `driver_id`, `avatar`, `feature_vector`) VALUES
(4, 'Mitchell Pineda', '1a1', 2, 2, 'https://example.com/avata.jpg', 'Q4ELz8byIzzC/xv0LmpY2nrHBGS78lzJMndxed7Y+0A1xN3SmrDC2eQ7HXsQM23DUiGv4WJSZcHEI88zMZnCdpNjBs0ecNj19Jw7rfsrx/yeTrTCHUku79VtapSDAKRdKxID4Z/CTnr1IPnHaQcAXE5vlwUCNaiZjIb/gclfkkg='),
(5, 'Michelle Mueller', '3a3', 1, 1, 'https://example.com/avata.jpg', '+Y5Kol2sMpRgfGdXagcvdAOmwdpB8w0/1aqFsHh4DdrWvpSPdtjvMca6EN6jjKFi4g2+VvxJhF9cOdLO7bpZ8kIFV3EWeZySJL9ACRIOmf1WN+cxeem0FQnZFaaHFEVM0fgxd7pyTrjq6HO07jo5azvY9DUdFQ9b+KgHaP0z8Sc='),
(6, 'Elizabeth Hill', '1a6', 1, 1, 'https://example.com/avata.jpg', 'bkMCi8JmMrFw2NJBgSQ5kg+GZjBIbWTZMyf8FYcz732aPqMdSruCjot3WCzVZ7BYow3IOQv1LsMgiOXiHrpIhFPXVeMr1ULn5ZF24zv+KfRvPljAfx0rsv/zTy3jKFNYWvQDi37FqCEp1h56+By3l3tmqRP60gu9zHAhvW1xpS0='),
(7, 'Amanda Lambert', '1a5', 3, 3, 'https://example.com/avata.jpg', 'U86nu+LlSSqAw9EoVNWa5ID/ZQ43AHl4qrrfVcwaIkIKcWTJPpBQ8qihsZNu5RQTN/3Zv4gkbIaslL8poXjWIFz/T9H31hCW15M+g8CBaGNlJDzzg97DyYElwua5wTF1L+OYavU0eMXxoPt3DCMNTrbibWHMu8u96K4vodKulm0='),
(8, 'Stephanie Nunez', '1a2', 2, 2, 'https://example.com/avata.jpg', 'khGOCio7+1uYJsJn7yruzS9ADLXj10ZC0UD8NpQ8Sc5W62AdwTUdgycD/OeD2S6yI87ycgVy06+/JAe9wqnT1tvC7QtVq38/IaMJBEESxw7whboixG9MrE05UjhB4t2ASiZ3zSb3W9sswv1xg00jn0dxpfCdCbp4zELyF3GZDiE='),
(9, 'Connor Gomez', '1a6', 1, 1, 'https://example.com/avata.jpg', 'sNHdvFAsOojRIOobzDVPFx0C1gQJftEIFehEPgZ040FJd2208jBduP+ZU03NlE3AzOgQ+ozPHSLsqePBAxjChZ7Q7KLQml9rKDsCFr1xcJ8XZgqSCzquidKuvaews5kHz24yIP3jNjHadGwhYWQW/Z7nSpgIBDKogsjKuIZOWB4='),
(10, 'Victoria Ashley', '2a4', 2, 2, 'https://example.com/avata.jpg', '2mSKR8L7wt9ncnzbSQwZxfdFYOoatGuIptWnGIDeaZD77PXjz2XNX19bVcH09QoaL1MzN5RRTlsGDMHugYUgp6yZAPgrUgzYXyRDvqHlxBIyEOZJ6zRIjg4nEE8i692SFOJRBWGkMD43tF7//kpu6Yn+2PBj4QkZkriDmr1qO3Q='),
(11, 'Heather West', '2a3', 2, 2, 'https://example.com/avata.jpg', '6S5t5NwWtbFadsimH1BcYQTCBJW1+3y+crha47TIaf7BMvQn72Esw0J+lCjsyObYgxTRfWzd8H9UKZGcxdwKBvoGXU6wu8KuKAMjZSPWM7rB50ZWfVYxEMauMWqLroKnr3/Yi+N3C1Yk1NAGXpwhZC+cs6GEWwpGGtYrgVcm1g8='),
(12, 'Alexis Cummings', '1a2', 1, 1, 'https://example.com/avata.jpg', '+aF5oGM8Mnpne1kP9iofIZjgIA8raR2ZPVOh1OI57iVOAWPYxDDhpQH7QaOFIHIsx+EQidchAFwPxaRMj+pYgUFCV5LbTKXK+1cKubiUp+ictkjYKyuGWqqfNaoHPg746h+XK70BSxuyJHZ2fJM+47PgBUmKVcfa97hIQRaeS/4='),
(13, 'Hannah Bryant', '1a3', 1, 1, 'https://example.com/avata.jpg', 'b561tWM2hh0+6FwNwxILjkIU4ESFplgk13lDUSYG4Wu8YNjufI4pQw9WQPGXoVktz+4dFcs0XB5nkSNd1fTWB2/nuCQDFywcjNyOrCfKBoIr0I/yizYRPaFg4XmZJIEMpgnOi8K6YsQkWoGq5iEmqkoYAX063jPVSSYzz9pJshM='),
(14, 'Kimberly Mcbride', '3a3', 2, 2, 'https://example.com/avata.jpg', 'GI5ANUDfneodjpVM7w6FDHXBGmHgxkaK/3fzTR/YnvadCe3rQcX5t0qenHh7Yapp3bqjOJWWVlPYEQje2PWcKVnlhefyCGjlirQ9fkVnf89qyGJeFgYOp1YQMzpBfPaAuhuqIpscdZWcw9R5yI8juomGl72KUJd2BB1njheWYCY='),
(15, 'Zachary Cox', '1a3', 3, 3, 'https://example.com/avata.jpg', 'VkIVqgLdZufaCJ3xEKA+HkITWrnG9ls76A9D/fpJippLnqV2J8AjEWG9Oh/bmAtrok8Q6Ro0llutLoqNk3L8L0U9Kd35FPAr+FPj4Xw5ceBPdT5j5IbS6ACrRFlixF/XQ1JpNFFMELmFQeFWvX5zkHc8eEz/A/rWXENSpJfTXPc='),
(16, 'Ray Morales', '2a3', 1, 1, 'https://example.com/avata.jpg', 'MUmONIbpmixHAEZA3GRJDs0olBrnmZEmB40yc7NK55jt2snsv53HKwCGH1EdyzhClMCBqnChbPS5H/muolTAuh2LFkApUsNSqZi/xjXh58KrACfsD1R/gikRMRxB+40qmRBnABAkPgoP/szaPheUmgYXfegvT8RU51lsDyhu8iU='),
(17, 'Renee Robinson', '2a4', 2, 2, 'https://example.com/avata.jpg', 'TMOB1USt1oQWzV7b3aCKHaWLf4zKTulh48G+4jk6L5FZ2CYnuDukvY5o/S1NLBj/rVJbc8nRAvtzGLkM3QHXJEDmp2VWvyXvYnZayyPTzYvQvSl9inX+jo6SZoyf7HC1GY8acQl8vTi1WyfvLXjn5xGjDYBFtSrGYHL8GI6U8wI='),
(18, 'Heidi Page', '1a3', 3, 3, 'https://example.com/avata.jpg', 'WV73ayqV9iX9JYKffOtu9Xtv+sYa6Ji61poY2dLU6/JJrVaO45dQVLmEwELY78qJiMidZkbB3js90X5d95QecCpQy27R7HGbWel8SqmDD/tWbH1plm1blBZW9GqHnDi5i4lDEFmyWgaJzurEmhf6EGaq+gZ6GmfxKBDdLO6bijU='),
(19, 'Martha Armstrong', '2a5', 3, 3, 'https://example.com/avata.jpg', 'XKsDFJ2ziu9rVw7trpBw3CdqZ997ldR+qbWwFIEzn2cOJU9gOfRZ0WumcGettsUTXo8JauJmvnfsVfaQuqmRTXZVzkZ213/LHgY0h79L8AbTVT9G11Q70s6PPAN9kXbO1VJP10UwlyNq0riOU9SZUkxhL/gtPuiDj1PeBWEJQBk='),
(20, 'Richard Williams', '1a3', 3, 3, 'https://example.com/avata.jpg', 'cSB8iT+D/Tm+PHF5wVUI9efozlOLQmE3qlE8DDEnk5ohnMsSAhnb83A/RWRi/uxiqA1qbGrWYlr7lkYhEDj/zF9s0N1tIKJtKpKTtEceu84hos8y4ZsrqMbnX96SEnpR4v/v/2AL15GierTCBAKcES3GsvIzQ0qyGLOKMAKJk9o='),
(21, 'Amy Rodriguez', '1a3', 3, 3, 'https://example.com/avata.jpg', 'gOm5SBIjQQKXo1kTxKHiCxH5S7a4X1ZzHQ4Mi3yV5IDrc/yzFL27NNvfXspjg36qxexH+21HlijhjSvpEtdUeoqFSlX3n2USP9by+lDuPagkw/p9EgnZfqPzYBFyJbm0418fBrNQKh0uh6Inczp4RgJGzBQpnpKYrSGR2H5TrPk='),
(22, 'Thomas Hunt', '3a2', 1, 1, 'https://example.com/avata.jpg', '/IOjWkui/llpVysnXa2ySqIo3pmiEiv3jx4GY71CbCH0kvf9ODvQa9f29qpZwux+XsBTgYRfARujFPMFxQB9ml4QQH3HvtJ6D9d4lyPdcrhpgLm24sBsLSxaaxA+2DpYW9MH+7lvd9LVOw8A423rIjJve1DAhj483cRNZuPuVlw='),
(23, 'Nicole Wilson', '2a2', 3, 3, 'https://example.com/avata.jpg', 'SYEI+QJrqI7sqfhR4yExlFdRPqXrBlZKulzXmjJXOQonIL9OZGw5U/euxqqMTJRyAPEt6kdJ4H6wolqPRABcWOTARSV3K344tt1ELZP6Hxsi7FpUZgV1CCd0LF+LEWg2Kxob+Lk2kC5l6+h9c2/dl1tVv36V0AtDtb6LkGYVGWU='),
(24, 'Kenneth Alexander MD', '3a6', 1, 1, 'https://example.com/avata.jpg', 'xcsvPMzKcTXXUgqvPfZQH/yjdxoFHvYE0881v6mJ+YONa/qdDh6/d80HRQr8vanP+mNl6Ta4qdMWKWeImiTOc2HGOvQ2Zx+Jif416BxnXzSb+YCFTUxKTCRODo9gbQyAGwI4pXXijs0V/W1L50U+nz9xpgIO1+726O3UJELF7mc='),
(25, 'Richard Johnson', '2a5', 3, 3, 'https://example.com/avata.jpg', 'W9jenhqnIjhQe+5TEouVtl5YAv8SM9+SuEeiQjg4MLoe2PcfJjC8VttoU/J1mYUxt6T+A6sy8zCxsioEMe6fXeVddrLzxpsO9/GEO0j7FZsSZbhlreeXvaq8YazC1ETFW3cke5TcT4Bz7WppCGJE6XLwIiSv58/EMK/3A3DNPow='),
(26, 'Jordan Rowe', '3a5', 3, 3, 'https://example.com/avata.jpg', 'wtXKfxJzsG3Eu5LYfmEv7sBzAaDC5Tzo57+I8eX918P9mEsQBxGwR6yS01jNA7Nv6M0vvQVjpQousSSrUtadRyMl8y2IChFZf3fickFppU8a/bpQpmTm+Gnm7Ye8Xt9w47quqiTbNHsINFzljSOs83tj/Kc5egVoC/cD0S6uPW0='),
(27, 'Charles Benson', '1a1', 3, 3, 'https://example.com/avata.jpg', 'z5+lx15YkEVc0mkb2mmgRIYsFCa85S9Esd4mib5Yk0/YJB0UUhJRsp2gPWy2JH5K7Ww1eYuGjjGGTiLHg/nlTGDRnhU3/sq5CmQ1wiUZsai8Fk1dHDKCv9MO9gFYkivWLa2YqI1Yv0j7hY33veArC/yqalIGznotntnL4lWTyFc='),
(28, 'Jimmy Hall', '2a6', 3, 3, 'https://example.com/avata.jpg', 'fQOY18qmYxiR9g2aQkQVFlOrYGkXqufvKk21wSm5n/NKRhxZgTmmdxtRMNKp98+kc1re0KvNcL4tnNA4LuUzo/lIF0gJLHKDr0rISzC+lv9aOWjbd1iKjaAjlRP7epLUOW9YCEeAAMWuPXax+lLNbsuS+kS8PUaWZkMEBGMvrUs='),
(29, 'Brenda Alvarez', '3a2', 1, 1, 'https://example.com/avata.jpg', '/XENDYsd5jikAQY1YXbykcibzTqyuN9lgzTJq8uifWYPgUeCT/iQB3LhwmCMyNpREayKHq2SkoUuumna/11bTH7WTo5BaeeaXTJaNxF2mri/1I6PoQZ7pFQ0lH4Tl2oU3BnD74rPN0lnUk79r4CIzOzGY4//bY4f7eoqlfX4JaM='),
(30, 'Mercedes Dunn', '1a2', 2, 2, 'https://example.com/avata.jpg', 'HBM/YpciIRD5RomsjW+nudFHU/X4+A3VZkGOgpi/X64o1UMLw+RercCzMQSJBteRCnqIHwbi1rNVVVrKSPm/zkWTg1FL/rj8oUiNlZ8pCMPpWSRAEQeYswuYOl8phGUkuBQjhpQ0XG6qrOz83hqMHGbY9TqNo8OM4bWmlkY6ZsU='),
(31, 'Tammy Sherman', '2a1', 3, 3, 'https://example.com/avata.jpg', 'hnbc7hubv9EjsEK+JXPK0c3e19nPDNuK63Ko8UwkfYDxtQF54WayhIVWX/yj1/ibVbWT8MLsrnurlOEKYg3u0AYOmcKbvq2QiZ+EaEA8j13B6sscAnRyYie55fjykEKMG5T7e1wi450uv6+bp+rkgw847hiU7bAnVZIElySArEw='),
(32, 'Marissa Campbell', '2a5', 2, 2, 'https://example.com/avata.jpg', '4NLk+ErJoiVPRO4ofO7CKU1726vzxtViPW8Y91kYmgloJiXLEQfOEom/72DwIDtZREjcfKmqV+5xvSkJF6uwa+x++bGlp66Wzqc7VZxA1pcmgF349ywjcIFtpbalrLDrqLlf0r63Jjo4y5/Mfp6xiW3XS5oFmXB0JizWNOFa5Pk='),
(33, 'Nicholas White', '1a5', 2, 2, 'https://example.com/avata.jpg', 'RtOIHm3Wq2LGuBtsft+G+8JcF5xV7cbTsTSUxf5hmZxh9xI4Bs9ac4+AtUHuvdzOHRzoKBWex/LPBdVLUaE0tO8GAtQVZ+AqMVCY12rR/wOAoO8jHZp+HRJdy//Ycq0NGU8tcRo6eWIrQMnTFv2UnRdQ3zCTKa4cKUXBxy+Opx8='),
(34, 'Jennifer Johnson', '3a6', 2, 2, 'https://example.com/avata.jpg', 'B5x4aCys5AIjJ5IiodvR/u46ctybb75jfNX/TP7afIjUoPw9eRL8uGhZqSidrXbzXyrNcTDwQsGeR03wxZpUfBhezsmGvFDJWFAXN8zKJXrr+6mNeqmA5j8EpArlQXXqGR5T3rVE0HdUY36p1tDIU6N/6QRLNU/jN5OteZzM0ZU='),
(35, 'Megan Rogers', '1a1', 2, 2, 'https://example.com/avata.jpg', 'V52UMX0/dNI9FxNjg7lSPmsc/xf6AefkMPzoZHwGt8o+BKGXK00+Tjsb7hCZuOJ7JGPfwNM9qJBA3smIu52NLQeshH3FNsIEMD4ZcZZ3iyBWvIco6nprft1rxAksm1wgeap0SYuogAhFHs0178ZKPrKuROzJv9qFaCWNK1YqxOY='),
(36, 'Sheryl Huff', '1a5', 1, 1, 'https://example.com/avata.jpg', 'KC0B/1w4oU74/uaOo6I1aRzCDAsHjf/lezdxJLW2MKZjqWF62yiy1spXvaP34AwJYyl5uwHZLpxDEWH86ubRoA2xaZSDn1g3Ei4U4n+SAg+W9yFFdzhGAc68mEmdh66Wr+7DGyn+rObLDp2At/KL1TV5aLYFtnXGvDpJ4XEBN0g='),
(37, 'Matthew Turner', '2a5', 3, 3, 'https://example.com/avata.jpg', '1UxDtVCC9yKTL+D1k1YUlW4D2VNX6jlRVUSAVhk/Qa6FciVLCEYPsvTuR3G/klr9t+TSvMeRjJDgW1zRV5cr+wMb3cK8hgXGTUmm5w1jCwNjvsouU6jHLDBssDc1Acqb+kR2Oni+bA7HUKCC8NyjyKkYYJaziVsE47oq39bjYCo='),
(38, 'Alejandra Johnson', '2a1', 1, 1, 'https://example.com/avata.jpg', 'f1Wtr0ANhsv3uzsMuho1xffaVgYxcnTLtpZzVzIFRV2CtEXNwHSskxJ4SdK2UNdh5QM2qgrLlZD6GkhEf+7zAawVb494+HJ5J6KO0Mp4TjmpP/cTEvyRTusnX5nJ8maVzrNdLmb+tzHo+BEjxl56AsDsT4YsSX4L1WYDNclq4eI='),
(39, 'Jermaine Moore', '3a5', 2, 2, 'https://example.com/avata.jpg', 'IXUgA0yFISfn4zmmIuwjmaW4qe76L43MDjGbvLiFhgk+K1HDDqOHTGKpjmtfGgsMJrqjdoOqJK867Qbv3dycF8s5ks4GM+Kd6bSU+8a/UGLQzwP1asHu91sDMNPJeW75/BB3rqpzusPdWxbjL7rEtMG6YdXAz4D15LoeiENzw3Q='),
(40, 'Valerie Hill', '2a6', 1, 1, 'https://example.com/avata.jpg', 'zsEGnGG771AlvJTBZQZ3P7M7neoblitOzRvwsDdivXZWwSYtD78KCPUvmxJBEz2T8SPXdx3eTX+wVQ73OiMENWxpI+9/OET3bjC3LGzCZjIhtvJySQ0pKB3KXiFR8Q/MD3ZEu7zhIwS7Byi1tDPF0jvzRVhlq+aSXP2J9u63Cz4='),
(41, 'James Sanders', '3a3', 1, 1, 'https://example.com/avata.jpg', '46KUwyni8PBA2ctURPgMZIBX15TE7a/tJi15b0yPthoCx1RppddHwxhJwKz5as3hWF8bgVHdDnkFFzeGd6Ei9Anp0TrzZyxZdBG+nsPFqVuFzNXW84PrFCyjoQBVt0kfZIHl+9l9NsfLXVTczLJ6rExvg0IESJRpmT5vNr6WWPs='),
(42, 'Matthew Moore', '1a6', 2, 2, 'https://example.com/avata.jpg', 'bdCM6WP2SnKASOvG/j+1ig5aFqzvGmZsrQzsg+W2POlkFWLiCsqDTEadlfgp3fONhfW94Hu4+7SvZ4BsEsTQ93wiWlcS5hHTf6XjHB89rCuI6qXsRa8WqstToCgsqS74LrUf9ganjSQ6jJOibG7HD74iJp2sFzxvpb7fJPL2J34='),
(43, 'Kathleen Baker', '3a1', 1, 1, 'https://example.com/avata.jpg', 'hVBL7p2cTzUfE3/swqmGW+BlFhKN/GhssResHF3X3ti7iaVMCJnk8/h1C7A6pK8Dj+JL4g80HvQeoxTRB7O00tkT3gIjnNtEBiMHI5IUNihZXApCdI9/tgs4eW9lEvvADXzp3Z9MHYtTncVEtyUo7VvEcs0Vo2trXvTJy5RVbZo='),
(44, 'Ashley Bell', '1a2', 3, 3, 'https://example.com/avata.jpg', 'iI6GW0Tm1Um14OF7nqGS7LIyzUoQoQbVA+BHZD4Cop/TV1j+tIzV6MFwxHBrqZCcXqibFffp0bGfw2Z3l8ctVfe35LzkSJdiq9QqFCzOpvBk51czGGB4kGLpPORo3s9HturCaBRNpf7wBj0PA4jPkLnNMof1YLYAAsTQEF/VcMY='),
(45, 'Kendra Stone', '1a2', 2, 2, 'https://example.com/avata.jpg', 'beglDCwwCJ6fsgqktbgTRMF3OAQocX49kUpF69Xhxtqt44hX8M4Jj73eOThf1Bs7U8GiktQosDk4/QWKjT+25qRPGn1kSiXC9awnsB29Wi2qyxFXPBw7mDW9hytVMbxFvAcSl2pBfjHYIR23VVNCm9y0z2qL+J4p0VQYe5iGB5Y='),
(46, 'Stacy Russell', '2a1', 1, 1, 'https://example.com/avata.jpg', 'dmYhuhPNHbaNaqAIA4WEjV5qrEUnm9Zu0YpNqdoi7Mu2wy0Zkm6TiDOWcgv29JsTVuhCOqUjJLJ9AR2ILTgWjCmW80XPzAde/UnOiMZNGHpXxvXqr1vDvbUV71PUCvC1GaRJGEJ3N7ERFGef6QbGkccsfJDco/07iOu4s+qjZq0='),
(47, 'Kerry Henderson', '1a5', 3, 3, 'https://example.com/avata.jpg', '2zrsncCyfVe0MspUAmFuvdx+P0O2ppeOyPuwa093E2yI3TNibSojW6zATPWAVjQnqPGkNrYleMsa9Tso2NpH6rEgMZAfaSoH81ljh1HJM7rStJSv7qZ98XfiQ3Sn76Jeru7UvZ474HjlWTDn64t5t2UPv26icsbKBlv0Eiow54I='),
(48, 'Cynthia Brown', '1a5', 3, 3, 'https://example.com/avata.jpg', 'rMEsB8KI5wZ6nQTULTz3/mhnLYawIQmKE5F1AU8IJPzIWnlDFILsXwB4SLvc9xsYO+RohSlZlFXrltq13lJRvadzjA0JG2/RmKIcM20LS69wYMndJus3oLsghW+xzKjsQewTlVRqZ8SfGOdCbXlveqc+9ucps/DgUaxG8AKHv70='),
(49, 'Kelsey Chavez', '1a3', 3, 3, 'https://example.com/avata.jpg', 'PrAb324voEqmXOVNnj4KugvQ7ZWxBzmS7WcE241N4/ljdwFSrVgAZiGAwIMLq/IpAyUQth65XLITmt9yDBs3Q3Lvc2FIXQ1LZCUP8YNbaQc0cNuC4oeSW+t0fJHpC20uBPPZxncrQXYYCsChodwl33YRvqVc5gbXHTpJ+JJPZ1Q='),
(50, 'Roger Avila', '3a5', 3, 3, 'https://example.com/avata.jpg', '5Y0lsNNt0+tXnQ1UgALqWnxTvv/2FgbK3CiiecPcC5JCMqLQGib69Sifmg2ysZ01vnGpJSYpEW8IsKupppGl0/Ag1NkrC/X5N6aB0YFTfGRQdKHLt7mfrLMMdDUDO/6smg+6nL4hk/kpAq0Vt2VuRWcBBJQVXQNjp4hynN5BgDc='),
(51, 'Donna Huang', '2a5', 3, 3, 'https://example.com/avata.jpg', '9TCSWiO6CmejfvzItu6v27Hgnj7k849G8NPPlDY6z5peSX0VSGIxAzHK9hDBACVw1uXZU0fLrS+RSbSzH4Hg0ngzj+5gddgFYIv0u5OlInH7ZlsqlKdbedV/2PSTHYCXkNBKjiM68cpqxoU5UwdmxIuN0/YdOcPmbsWZdg8oW7E='),
(52, 'Matthew Williams', '2a5', 2, 2, 'https://example.com/avata.jpg', '43eHAxhSwO6jJ5iYJhJpsDL8npbynHr/bzEfm4xSgqNM2pXhuc1ksL4zPdQKIoccM+2B9dkbPti53JNyPFoylYsqMr7kVtqP7aNVRsxL0w+ldwB/ppH0ca6tytFCM1nvfaiibR24SvUUZYDoHOFADTfEc3JEuW3Hf4nmFvATqbk='),
(53, 'Kathy Lopez', '1a6', 3, 3, 'https://example.com/avata.jpg', 'nQo9bMdgR0nl97ihfegT8VEz63lJszovsGWtF43Wru9lVxggozTmh91PI2Jt3VQXOuGhZUuC8eRY10ZJGTRUQu6uRzthW08O5N/vZAy1Is6G7h3M/9iQ9FRYagXnhjTMEQWEoCy8Q4tQbtBPX1RNyD5vd54GcZ30m4Xe3ulGm8Q='),
(54, 'Robert Maldonado', '1a6', 3, 3, 'https://example.com/avata.jpg', 'nGK0mOrq0f54b1cJJl/X2AXeQ2E0+H7dKr4+QfeYbi3OUMTYlGBd5uRKGeI+Y9aS5fxt0CA8UxEHnSTo+TDBDxhLdHwYFxhcwxn3rby04qZ0Hoegig6Jp0a8OUmYHHPQqyvl4u8lfVbaatYIYtPuSNn2uwaz6g2GXkV9nl3p8iI='),
(55, 'Benjamin Wilson', '1a2', 2, 2, 'https://example.com/avata.jpg', 'EvIp8IHKjY37Y9E+XjJsbdZtPpCn8zmU0YZfDQOLwNC5W70XstiwP60UpkMmA8NQ34nmIZpckq+Fz0AfTCHTYooCUu+iUi5OgbwJiy8vT+ivJEKUvrgu3Hc2EVTkpt1ksL9sNJW892XDyHrv3C1kfITRIkRl5Ag7OYBDPU1em6I='),
(56, 'Bradley Harper', '2a6', 2, 2, 'https://example.com/avata.jpg', 'Sz/wK7nrsGYGZY5TCVXU8eRsQFT5OThLx6OqN9K8tUlGQSb9vsf5VcgC8C83iPS7LPh3eSo1HXl18cO8gU4pP1pTbc9KKxxBH7YgzEkmgLsT5qv1dZ35dtRTGD+J+TMDOVwq8bV1pEB8BZ92CTs1lgrOV+ufjhAEkzBrE0D+XYM='),
(57, 'Mr. John Haynes', '3a3', 2, 2, 'https://example.com/avata.jpg', 'yaqlBDaopeutdVGSnoimDfcklcLQJrOR/J7V1LoIFtC2+AzVNO1KK3m1x/ZwrNVekfUKnKQdoEjb4xdjzZQrGqCrQBX5xLYwbpUQiHH6ylw0qIF3c78x7YydjGzkt8qoUPiVgoyYzGJAoiS0GDTvTXzlQTxQ7rjDglj7UXtAGys='),
(58, 'Gregory Gates', '2a3', 3, 3, 'https://example.com/avata.jpg', 'FDUd90KX1QLRkxSzm6o82DgXaYEMVRT3PlhmZOxVB9925gUqXvMq9OpPbFwWPiNk6cSzT3KMBIv64DxijFFh5ojHhdD4hOj6YEIazp+dgfQ4FyoGLMACm5ldHbF9MUEZ2YAxRShdPaUscczfgRHD7Zz24b9mpCNc55BVYvQ/blg='),
(59, 'Daniel Riley', '2a5', 1, 1, 'https://example.com/avata.jpg', 'pcE54o0npdh5tgoWlcBQF1U+cwO/4ZKtzRWylesUtqOl4Hu8HJIY0EuL0LBIoAhKS51tjhPEbBOLHCmYEIORmF0pUGWx3JX66aGa94UZ1lLgEZwnjjAyTlVmvE/ujZRSHtqyLK/IVYtC7heVqxdEe5MY8VDb1jHBNLNyAC8cIPU='),
(60, 'William Hill', '1a2', 2, 2, 'https://example.com/avata.jpg', 'pMq28ieZ6KiyXIpZKP4K1peOJGocyw6VR2KRcvXMxfy5HJOtuGNz2UsfH3ENnj91Q0fGrWWVvnnlTjszUFxnzY7pUVembWhn67ed0K7qG98bXVwV7LUVx7Y1ORNDrTQgB5W/rycsMZDCKcIUmDfJCfCQGDry0SVtuIae1B4pd2w=');

INSERT INTO `Student_Parent` (`student_id`, `parent_id`) VALUES
(15, 1);
INSERT INTO `Student_Parent` (`student_id`, `parent_id`) VALUES
(12, 2);
INSERT INTO `Student_Parent` (`student_id`, `parent_id`) VALUES
(57, 3);
INSERT INTO `Student_Parent` (`student_id`, `parent_id`) VALUES
(31, 4),
(30, 6),
(15, 7),
(24, 8),
(32, 9),
(35, 10),
(13, 11),
(55, 12),
(51, 13),
(6, 14),
(29, 15),
(23, 17),
(2, 18),
(11, 19),
(41, 20),
(30, 22),
(49, 23),
(8, 24),
(27, 25),
(2, 26),
(58, 27),
(1, 28),
(53, 28),
(46, 29),
(32, 30),
(1, 31),
(25, 32),
(3, 33),
(26, 34),
(7, 35),
(3, 36),
(49, 37),
(40, 38),
(29, 39),
(28, 41),
(31, 43),
(50, 44),
(28, 45),
(22, 46),
(17, 47),
(48, 48),
(27, 49),
(56, 50),
(24, 51),
(6, 53),
(48, 54),
(18, 55),
(34, 56),
(36, 57),
(46, 58),
(52, 59),
(44, 60),
(37, 61),
(10, 62),
(37, 63),
(5, 65),
(5, 68),
(51, 69),
(14, 70),
(4, 71),
(45, 72),
(52, 73),
(38, 74),
(60, 75),
(39, 77),
(54, 78),
(10, 79),
(47, 80),
(23, 81),
(56, 82),
(40, 83),
(43, 85),
(33, 87),
(20, 88),
(17, 90),
(21, 91),
(9, 92),
(45, 94),
(16, 95),
(53, 96),
(59, 98),
(42, 99),
(19, 100);

INSERT INTO `Teacher` (`teacher_id`, `user_id`, `department`) VALUES
(1, 111, 'English');
INSERT INTO `Teacher` (`teacher_id`, `user_id`, `department`) VALUES
(2, 112, 'Literature');
INSERT INTO `Teacher` (`teacher_id`, `user_id`, `department`) VALUES
(3, 113, 'English');
INSERT INTO `Teacher` (`teacher_id`, `user_id`, `department`) VALUES
(4, 114, 'Mathematics'),
(5, 115, 'Mathematics'),
(6, 116, 'Literature'),
(7, 117, 'Literature'),
(8, 118, 'English'),
(9, 119, 'English'),
(10, 120, 'Literature');

INSERT INTO `User` (`user_id`, `role_id`, `name`, `phone_number`, `email`, `password`, `refresh_token`) VALUES
(1, 1, 'Jasmine Tate', '0907317632', 'jasminetate@example.com', '$2b$12$KiA9s5gg3bN40tD7U1xwg.Pj1H5G9eI7wiCnrkeOUPH5Ls4epJGv2', 'Bearer MZxfkPob5QSiuB7ZrtWMAe9WFlsV6gPVwZ4P9ywLjaZym8Sht6');
INSERT INTO `User` (`user_id`, `role_id`, `name`, `phone_number`, `email`, `password`, `refresh_token`) VALUES
(2, 1, 'Heather Vargas', '0703435949', 'heathervargas@example.com', '$2b$12$KiA9s5gg3bN40tD7U1xwg.Pj1H5G9eI7wiCnrkeOUPH5Ls4epJGv2', 'Bearer olcpJWS6SV0FNMapJZgQdNxUIrUxkTWCDjycKyCTx0CclOLUUM');
INSERT INTO `User` (`user_id`, `role_id`, `name`, `phone_number`, `email`, `password`, `refresh_token`) VALUES
(3, 1, 'Jonathan Rodriguez', '0709888301', 'jonathanrodriguez@example.com', '$2b$12$KiA9s5gg3bN40tD7U1xwg.Pj1H5G9eI7wiCnrkeOUPH5Ls4epJGv2', 'Bearer 1FET6XsmE9whZhkYRqQvYCtOhMhMg5jN2UKVabcJaas3ykCjcL');
INSERT INTO `User` (`user_id`, `role_id`, `name`, `phone_number`, `email`, `password`, `refresh_token`) VALUES
(4, 1, 'Nicholas Phillips', '0703436913', 'nicholasphillips@example.com', '$2b$12$KiA9s5gg3bN40tD7U1xwg.Pj1H5G9eI7wiCnrkeOUPH5Ls4epJGv2', 'Bearer rowyispLAU0EYSdGkaRRDCKBHbjRjxPVzRrsbTnePW17BrVGAN'),
(5, 1, 'James Lowery', '0704624869', 'jameslowery@example.com', '$2b$12$KiA9s5gg3bN40tD7U1xwg.Pj1H5G9eI7wiCnrkeOUPH5Ls4epJGv2', 'Bearer Ws6Fohxrpv7yjVAZvQ52R9BAVIgs6UfHYu1Qafy1IG2EzCbgs2'),
(6, 1, 'Amy Richards', '0287770573', 'amyrichards@example.com', '$2b$12$KiA9s5gg3bN40tD7U1xwg.Pj1H5G9eI7wiCnrkeOUPH5Ls4epJGv2', 'Bearer PtKBLVs92vRIPSu76ZAs9YbEIiphChNRUpF9dfXxNTusEGPvom'),
(7, 1, 'April Rice', '0702323325', 'aprilrice@example.com', '$2b$12$KiA9s5gg3bN40tD7U1xwg.Pj1H5G9eI7wiCnrkeOUPH5Ls4epJGv2', 'Bearer 2eqUKzLwMLyKfLCZy8lfTRYMTtmpTEdXDXnRrhpfpaUAvOHJLW'),
(8, 1, 'Patrick Garza', '0903133195', 'patrickgarza@example.com', '$2b$12$KiA9s5gg3bN40tD7U1xwg.Pj1H5G9eI7wiCnrkeOUPH5Ls4epJGv2', 'Bearer ARDcfmYrul5IZNHUCOg1AbfjZTmbF2umb1ibjEWyMs2R3KMFdI'),
(9, 1, 'Marcus Riley', '0704037382', 'marcusriley@example.com', '$2b$12$KiA9s5gg3bN40tD7U1xwg.Pj1H5G9eI7wiCnrkeOUPH5Ls4epJGv2', 'Bearer uxWvdEPbZArgFs2yeVSEkXR3AORgocXYr80OiGL2wh37lxbuW3'),
(10, 1, 'Phillip Mcintosh', '0285740098', 'phillipmcintosh@example.com', '$2b$12$KiA9s5gg3bN40tD7U1xwg.Pj1H5G9eI7wiCnrkeOUPH5Ls4epJGv2', 'Bearer lq6GXwOYYnX04HUo5st5CnzQrC0UyL3QfdOtaaOCYZqcCFayMI'),
(11, 1, 'Rebecca Oneill', '0904408359', 'rebeccaoneill@example.com', '$2b$12$KiA9s5gg3bN40tD7U1xwg.Pj1H5G9eI7wiCnrkeOUPH5Ls4epJGv2', 'Bearer ZwbZDnQIdlgGHtM3RdrJSnFPJPfb7LqIRXHRjS8zq18BSkhlRz'),
(12, 1, 'Chad Sheppard', '0709098754', 'chadsheppard@example.com', '$2b$12$KiA9s5gg3bN40tD7U1xwg.Pj1H5G9eI7wiCnrkeOUPH5Ls4epJGv2', 'Bearer cBdaYzIiJ6xq3josuiSLFrKLbLYBMiXcCqUhyOHJyJoefNlLVI'),
(13, 1, 'Robert Mcgee', '0285798945', 'robertmcgee@example.com', '$2b$12$KiA9s5gg3bN40tD7U1xwg.Pj1H5G9eI7wiCnrkeOUPH5Ls4epJGv2', 'Bearer uJW4XE9hvd9l1cAi41XYfSzRgSTZjWGNTnV0I6d16Ud3kEYM1i'),
(14, 1, 'Madeline Ellison', '0282270924', 'madelineellison@example.com', '$2b$12$KiA9s5gg3bN40tD7U1xwg.Pj1H5G9eI7wiCnrkeOUPH5Ls4epJGv2', 'Bearer ddJN9hY6cAcnJw2UpRN3DOMwK46R7lbxyEsDRhhFhblxYpxLOU'),
(15, 1, 'Amy Perez', '0287339098', 'amyperez@example.com', '$2b$12$KiA9s5gg3bN40tD7U1xwg.Pj1H5G9eI7wiCnrkeOUPH5Ls4epJGv2', 'Bearer d9rlS484PD6mIhkFuMgIqfHtwmWPVJ3fnLqTfmYG7ipfJaqDZz'),
(16, 1, 'Tina Hunt', '0702737385', 'tinahunt@example.com', '$2b$12$KiA9s5gg3bN40tD7U1xwg.Pj1H5G9eI7wiCnrkeOUPH5Ls4epJGv2', 'Bearer GzbBfPC2IP9Ab5KeMKPPBkYh9GS6b5b7Fy0lTVZqcwNlVTuGD1'),
(17, 1, 'Tina Hernandez', '0287118378', 'tinahernandez@example.com', '$2b$12$KiA9s5gg3bN40tD7U1xwg.Pj1H5G9eI7wiCnrkeOUPH5Ls4epJGv2', 'Bearer rHl9UX6V4GPes3gAFnAfwSFGq63Zm1XewyKND71FPXE5opT81x'),
(18, 1, 'Lisa Leonard', '0288330398', 'lisaleonard@example.com', '$2b$12$KiA9s5gg3bN40tD7U1xwg.Pj1H5G9eI7wiCnrkeOUPH5Ls4epJGv2', 'Bearer t4p1Gsj2RGRUTXHLkVRSQXAxvlhhFZWAdgF3uDWq7Tq76OBcwJ'),
(19, 1, 'Megan Garza', '0901472913', 'megangarza@example.com', '$2b$12$KiA9s5gg3bN40tD7U1xwg.Pj1H5G9eI7wiCnrkeOUPH5Ls4epJGv2', 'Bearer 2ycyuVkesdU0o25eZPxQ5IRd7X5uZVII9JQ42ECiBhCQFbJ3Cz'),
(20, 1, 'John Schmitt', '0709838127', 'johnschmitt@example.com', '$2b$12$KiA9s5gg3bN40tD7U1xwg.Pj1H5G9eI7wiCnrkeOUPH5Ls4epJGv2', 'Bearer aZ9htcuFIwTLkn5zg5eeT5MTIbEUILvXP8U7RKJkOCV14yN81m'),
(21, 1, 'Charles Gomez', '0281890986', 'charlesgomez@example.com', '$2b$12$KiA9s5gg3bN40tD7U1xwg.Pj1H5G9eI7wiCnrkeOUPH5Ls4epJGv2', 'Bearer eyaWKZ1PFbAiTNIAzPjBmYnMATOekLGwFWOntuYbMuEpJTmbBt'),
(22, 1, 'Christopher Haynes PhD', '0905034255', 'christopherhaynesphd@example.com', '$2b$12$KiA9s5gg3bN40tD7U1xwg.Pj1H5G9eI7wiCnrkeOUPH5Ls4epJGv2', 'Bearer MvIgklXSwqX849YKYt3DCWugmFp3zZ6vT3ItjlmW2vcEYTcpgw'),
(23, 1, 'Karen Garcia', '0286053754', 'karengarcia@example.com', '$2b$12$KiA9s5gg3bN40tD7U1xwg.Pj1H5G9eI7wiCnrkeOUPH5Ls4epJGv2', 'Bearer Nj4JBOpuAZCypoA8FgAUthW8ZAP06rz3VOHWazRhmIY49spL1E'),
(24, 1, 'Eric Chaney', '0901006124', 'ericchaney@example.com', '$2b$12$KiA9s5gg3bN40tD7U1xwg.Pj1H5G9eI7wiCnrkeOUPH5Ls4epJGv2', 'Bearer or4EPpJwi6SCRdV2CnhVrdQClhYDk9tVwQ1d7D77jxXOcXqaSK'),
(25, 1, 'Phillip Miller', '0284071189', 'phillipmiller@example.com', '$2b$12$KiA9s5gg3bN40tD7U1xwg.Pj1H5G9eI7wiCnrkeOUPH5Ls4epJGv2', 'Bearer PfXLfG0kQKlzm0XqEXbcoowJmKdlSIX97hIUQ4FWAulDDIkAIb'),
(26, 1, 'Bradley Malone', '0280003823', 'bradleymalone@example.com', '$2b$12$KiA9s5gg3bN40tD7U1xwg.Pj1H5G9eI7wiCnrkeOUPH5Ls4epJGv2', 'Bearer RPuW5itc4pKz79PN80oCjY1PAKMyoksBcSlZn2PU0vPqn6md74'),
(27, 1, 'Lance Blankenship', '0907592067', 'lanceblankenship@example.com', '$2b$12$KiA9s5gg3bN40tD7U1xwg.Pj1H5G9eI7wiCnrkeOUPH5Ls4epJGv2', 'Bearer pTrx7TEsQcTB0Fisqz5MuOxF1JSxEpD1jbvBzAG5PuQWbZQXGz'),
(28, 1, 'James Walton', '0704295228', 'jameswalton@example.com', '$2b$12$KiA9s5gg3bN40tD7U1xwg.Pj1H5G9eI7wiCnrkeOUPH5Ls4epJGv2', 'Bearer muUw7YJM8hl0bQmw3wkYKGDflx1b9WFLuClsNkos1WAy1dAF2M'),
(29, 1, 'Daniel Fuentes', '0283266662', 'danielfuentes@example.com', '$2b$12$KiA9s5gg3bN40tD7U1xwg.Pj1H5G9eI7wiCnrkeOUPH5Ls4epJGv2', 'Bearer h67l286LMUCTdoehkHAi8o2HSfVpTfE3aaI8cu5LoaGbrSm4z6'),
(30, 1, 'Ryan Silva', '0903784942', 'ryansilva@example.com', '$2b$12$KiA9s5gg3bN40tD7U1xwg.Pj1H5G9eI7wiCnrkeOUPH5Ls4epJGv2', 'Bearer V1xv6hu5LHuZtosFxs4Q5Mv4EyKGkAmveHWNap0jKfTqkCpeRq'),
(31, 1, 'Shirley Gibson', '0907365907', 'shirleygibson@example.com', '$2b$12$KiA9s5gg3bN40tD7U1xwg.Pj1H5G9eI7wiCnrkeOUPH5Ls4epJGv2', 'Bearer LHxh2mamKwZ9uEifYIBTybtcJNabNJQ3RBpQMrE8iYxK4n6M8n'),
(32, 1, 'Joseph Wood', '0284118162', 'josephwood@example.com', '$2b$12$KiA9s5gg3bN40tD7U1xwg.Pj1H5G9eI7wiCnrkeOUPH5Ls4epJGv2', 'Bearer cjfshePdAYWUhVifUggGhh4oNK5xXImnC36nR39jKHElpZg8sN'),
(33, 1, 'Victoria Jennings', '0280516769', 'victoriajennings@example.com', '$2b$12$KiA9s5gg3bN40tD7U1xwg.Pj1H5G9eI7wiCnrkeOUPH5Ls4epJGv2', 'Bearer IxClD1PIYQywmECNHBL5Ssu7MurovZrIcwwSXVTdqyE9EkWUZC'),
(34, 1, 'Ryan Deleon', '0704438578', 'ryandeleon@example.com', '$2b$12$KiA9s5gg3bN40tD7U1xwg.Pj1H5G9eI7wiCnrkeOUPH5Ls4epJGv2', 'Bearer yIw4JDJejxKqtpuQEmh9lAxv7QxM66ThFTQexZBxQOSzgetTTJ'),
(35, 1, 'Matthew Hodges', '0285680842', 'matthewhodges@example.com', '$2b$12$KiA9s5gg3bN40tD7U1xwg.Pj1H5G9eI7wiCnrkeOUPH5Ls4epJGv2', 'Bearer 6Xs4JXsV7hcNotgYeai8WUlW6qgCqXOCLwP3nECChOPY5IQxc4'),
(36, 1, 'Tammy Leon', '0908995712', 'tammyleon@example.com', '$2b$12$KiA9s5gg3bN40tD7U1xwg.Pj1H5G9eI7wiCnrkeOUPH5Ls4epJGv2', 'Bearer Et3rBisYjEKMRPG1DaaXWjWvHM4oyMxwQWyQSc2xol4qcmzhf2'),
(37, 1, 'Jonathon Graham', '0902486962', 'jonathongraham@example.com', '$2b$12$KiA9s5gg3bN40tD7U1xwg.Pj1H5G9eI7wiCnrkeOUPH5Ls4epJGv2', 'Bearer VizH5kb7ynSDbO9Qza4wDAWEMoORE0nImdnWIOyOFygKptLGli'),
(38, 1, 'Darryl Adams', '0709381115', 'darryladams@example.com', '$2b$12$KiA9s5gg3bN40tD7U1xwg.Pj1H5G9eI7wiCnrkeOUPH5Ls4epJGv2', 'Bearer zHmSgeVFEmpPldP2F3rRc4gS0Rp2JMnh2Z76FCms9jFU3NQjqz'),
(39, 1, 'Jasmine Torres', '0289026781', 'jasminetorres@example.com', '$2b$12$KiA9s5gg3bN40tD7U1xwg.Pj1H5G9eI7wiCnrkeOUPH5Ls4epJGv2', 'Bearer ec6U6x6FgEWWGT9n2zfZQgedEUWfrZ6NZQ4aT8UMGczt5JXH7N'),
(40, 1, 'Molly Williams', '0702738385', 'mollywilliams@example.com', '$2b$12$KiA9s5gg3bN40tD7U1xwg.Pj1H5G9eI7wiCnrkeOUPH5Ls4epJGv2', 'Bearer PCvXrdS0747v2m2bVWOtzum4r04pWpJY6rYNCwftL11cC9W66P'),
(41, 1, 'Aaron Ruiz', '0707710767', 'aaronruiz@example.com', '$2b$12$KiA9s5gg3bN40tD7U1xwg.Pj1H5G9eI7wiCnrkeOUPH5Ls4epJGv2', 'Bearer Vj41QZN2nFTGDSpMNpz79rsQpslSeh1MUgzXdqqUw5DYPBzBjO'),
(42, 1, 'Thomas Webb', '0287402121', 'thomaswebb@example.com', '$2b$12$KiA9s5gg3bN40tD7U1xwg.Pj1H5G9eI7wiCnrkeOUPH5Ls4epJGv2', 'Bearer eEfOWR4PgsMYi7aYzGos7S46u9MubID7MakuDEo07rOyqE4MsQ'),
(43, 1, 'Joseph Roman', '0280695865', 'josephroman@example.com', '$2b$12$KiA9s5gg3bN40tD7U1xwg.Pj1H5G9eI7wiCnrkeOUPH5Ls4epJGv2', 'Bearer KoI7ejoWdSrWbbUEH1ZPeUu0OInyJA99pUSHktVIN9iSbmt9aS'),
(44, 1, 'Scott Bishop', '0287159794', 'scottbishop@example.com', '$2b$12$KiA9s5gg3bN40tD7U1xwg.Pj1H5G9eI7wiCnrkeOUPH5Ls4epJGv2', 'Bearer tFgtY79jXpUWoiE6VmVal7tb6tQdkJtJ5cYCzuYV9cU9W6tKgO'),
(45, 1, 'Tracey Whitney', '0907674830', 'traceywhitney@example.com', '$2b$12$KiA9s5gg3bN40tD7U1xwg.Pj1H5G9eI7wiCnrkeOUPH5Ls4epJGv2', 'Bearer AkQOxG6AOYw4yqxJGTONt4fvbHAD3fDZlS6htu61BMriB5wQ4u'),
(46, 1, 'Katherine Martinez', '0281215739', 'katherinemartinez@example.com', '$2b$12$KiA9s5gg3bN40tD7U1xwg.Pj1H5G9eI7wiCnrkeOUPH5Ls4epJGv2', 'Bearer WxGWrTUpkbR1yhZ7XuDBxlx28Cy7iWOvzsWI2gsUQnAXAmtpRz'),
(47, 1, 'Christopher Nguyen', '0286729612', 'christophernguyen@example.com', '$2b$12$KiA9s5gg3bN40tD7U1xwg.Pj1H5G9eI7wiCnrkeOUPH5Ls4epJGv2', 'Bearer 2R416YUT73mP7QWtM3FcdJOettltcKRprDsDyugwaChOWGtKbS'),
(48, 1, 'Derrick Stevens', '0906123809', 'derrickstevens@example.com', '$2b$12$KiA9s5gg3bN40tD7U1xwg.Pj1H5G9eI7wiCnrkeOUPH5Ls4epJGv2', 'Bearer 0CIqSKROoriC9iTVUnRbr48MpwEoYnRiwiFoDQDjmQa4HaJAw8'),
(49, 1, 'Daniel Walton', '0708250770', 'danielwalton@example.com', '$2b$12$KiA9s5gg3bN40tD7U1xwg.Pj1H5G9eI7wiCnrkeOUPH5Ls4epJGv2', 'Bearer xcCDZKfcPC2kOaNsK9sR35lHipIZuU74I7QkVXQgxuqAIviUx7'),
(50, 1, 'Ricardo Jones', '0903407228', 'ricardojones@example.com', '$2b$12$KiA9s5gg3bN40tD7U1xwg.Pj1H5G9eI7wiCnrkeOUPH5Ls4epJGv2', 'Bearer NjJEawv8oHcDYUJ9Q7ukG189mQfhgPm0AP4BXXsTJEQFZWuMJ7'),
(51, 1, 'Rebecca Rasmussen', '0281845090', 'rebeccarasmussen@example.com', '$2b$12$KiA9s5gg3bN40tD7U1xwg.Pj1H5G9eI7wiCnrkeOUPH5Ls4epJGv2', 'Bearer 0Q8t3IG7Wcig3mb6aqN7B3OvZGtaeWX5se30UPRnr2MK6K82z7'),
(52, 1, 'Megan Rangel', '0703968806', 'meganrangel@example.com', '$2b$12$KiA9s5gg3bN40tD7U1xwg.Pj1H5G9eI7wiCnrkeOUPH5Ls4epJGv2', 'Bearer iWvPEPr9y4tRDnnyTWXn575YeVTmQmznGCnriw7oQITyPwaj0Q'),
(53, 1, 'Brandy Jones', '0704932812', 'brandyjones@example.com', '$2b$12$KiA9s5gg3bN40tD7U1xwg.Pj1H5G9eI7wiCnrkeOUPH5Ls4epJGv2', 'Bearer SYpXC7tNLddm6kxWUQ5Zl5lTofhvshOYj8yfvch7UTyi3jqeqz'),
(54, 1, 'Sandy Olsen', '0280600621', 'sandyolsen@example.com', '$2b$12$KiA9s5gg3bN40tD7U1xwg.Pj1H5G9eI7wiCnrkeOUPH5Ls4epJGv2', 'Bearer K6OwjqnLMIkRfhHaz5wBy8gBc4UTHp1k6gRf6SIEy73BROUW1U'),
(55, 1, 'David Jimenez', '0901736575', 'davidjimenez@example.com', '$2b$12$KiA9s5gg3bN40tD7U1xwg.Pj1H5G9eI7wiCnrkeOUPH5Ls4epJGv2', 'Bearer 3c59haQy0uCvk9Q5fsXi9fOTNRNB40UlwJb1bWLk9WJtC1boGO'),
(56, 1, 'Austin Hood', '0900572322', 'austinhood@example.com', '$2b$12$KiA9s5gg3bN40tD7U1xwg.Pj1H5G9eI7wiCnrkeOUPH5Ls4epJGv2', 'Bearer TYRHho3uplpEa7FC38qFM1nV075yEuXVtZrEnMtcMjrs2KA515'),
(57, 1, 'Mackenzie Taylor', '0904115717', 'mackenzietaylor@example.com', '$2b$12$KiA9s5gg3bN40tD7U1xwg.Pj1H5G9eI7wiCnrkeOUPH5Ls4epJGv2', 'Bearer JDBgcIcEC3xr4cYzGDxktgiGPUm4kSkypu4KppL8JVOqAWdh2y'),
(58, 1, 'Ryan Parks', '0900975454', 'ryanparks@example.com', '$2b$12$KiA9s5gg3bN40tD7U1xwg.Pj1H5G9eI7wiCnrkeOUPH5Ls4epJGv2', 'Bearer 1ARZbmc9e009Tj2kBqKSiK5rcg3wHBam5l0b7rlYkTVC9lgpdC'),
(59, 1, 'Henry Cooper', '0704672289', 'henrycooper@example.com', '$2b$12$KiA9s5gg3bN40tD7U1xwg.Pj1H5G9eI7wiCnrkeOUPH5Ls4epJGv2', 'Bearer L9XLqQGltuBT9HfFVshc4vurGu4BQShKQrYXvje4OU9e3liXDk'),
(60, 1, 'Kenneth Buckley', '0283895803', 'kennethbuckley@example.com', '$2b$12$KiA9s5gg3bN40tD7U1xwg.Pj1H5G9eI7wiCnrkeOUPH5Ls4epJGv2', 'Bearer pBppRXghWzG2u2nGjbaIcoifsE9LnF5CtKk0Og81rFT4qgK1y1'),
(61, 1, 'James Lambert', '0906994263', 'jameslambert@example.com', '$2b$12$KiA9s5gg3bN40tD7U1xwg.Pj1H5G9eI7wiCnrkeOUPH5Ls4epJGv2', 'Bearer A8Mc30tsxJfD5FWyU3OjY01j0rFBzuc0lOt9E4XSNBUOqoFt2K'),
(62, 1, 'Ashley Smith', '0901109920', 'ashleysmith@example.com', '$2b$12$KiA9s5gg3bN40tD7U1xwg.Pj1H5G9eI7wiCnrkeOUPH5Ls4epJGv2', 'Bearer eWiAxsLG5nBax6kIg0QSnqN210LWjjH32BaisaVrewXN7abEyu'),
(63, 1, 'Sandra Olson', '0281102703', 'sandraolson@example.com', '$2b$12$KiA9s5gg3bN40tD7U1xwg.Pj1H5G9eI7wiCnrkeOUPH5Ls4epJGv2', 'Bearer CqBRoXPB7nL7eK2YOprsdFAm7F76rO0jq6Zyxx8d1X9l5VnAxU'),
(64, 1, 'Connor Wallace', '0283699932', 'connorwallace@example.com', '$2b$12$KiA9s5gg3bN40tD7U1xwg.Pj1H5G9eI7wiCnrkeOUPH5Ls4epJGv2', 'Bearer hIGAlcJ8Tjlq53WUPfd54MugoBgSbb8cG2e0XyUMCtfip2ZJJl'),
(65, 1, 'Amanda Cox', '0286425946', 'amandacox@example.com', '$2b$12$KiA9s5gg3bN40tD7U1xwg.Pj1H5G9eI7wiCnrkeOUPH5Ls4epJGv2', 'Bearer R3XQo68gj9qBkDPEdtWxNFAmo2joRLEGJM9mn8u4QcM6KYcs9c'),
(66, 1, 'Patricia Zimmerman', '0283235345', 'patriciazimmerman@example.com', '$2b$12$KiA9s5gg3bN40tD7U1xwg.Pj1H5G9eI7wiCnrkeOUPH5Ls4epJGv2', 'Bearer K5ja42xIsOhLHICk3mD1KF9Kr99s55S31X7LProHt4Nmfn7T3y'),
(67, 1, 'Heidi Velazquez', '0708893304', 'heidivelazquez@example.com', '$2b$12$KiA9s5gg3bN40tD7U1xwg.Pj1H5G9eI7wiCnrkeOUPH5Ls4epJGv2', 'Bearer cCqAlG5YCE4O8WwOG095gpYgGYGe9TtYd6PyO9IDJPqxhvyrZv'),
(68, 1, 'Lauren Baker', '0281919273', 'laurenbaker@example.com', '$2b$12$KiA9s5gg3bN40tD7U1xwg.Pj1H5G9eI7wiCnrkeOUPH5Ls4epJGv2', 'Bearer WanwyKWd3ZlOqaMp4rKvnYilRMsbM9tOqbBcGISpTvkns2ON3g'),
(69, 1, 'Jack Wells', '0283561201', 'jackwells@example.com', '$2b$12$KiA9s5gg3bN40tD7U1xwg.Pj1H5G9eI7wiCnrkeOUPH5Ls4epJGv2', 'Bearer AY8qVyo5m8wqg5Y3LVUqQk0QwXa0edsJCpIXYFxnd4InpeWxKV'),
(70, 1, 'Elizabeth Yates', '0703411833', 'elizabethyates@example.com', '$2b$12$KiA9s5gg3bN40tD7U1xwg.Pj1H5G9eI7wiCnrkeOUPH5Ls4epJGv2', 'Bearer 9E1iL8qjsSM4dmQte7gooPOE8yzGNXvgLGLFWRfrMLFCvARhnq'),
(71, 1, 'Bethany Cross', '0706293842', 'bethanycross@example.com', '$2b$12$KiA9s5gg3bN40tD7U1xwg.Pj1H5G9eI7wiCnrkeOUPH5Ls4epJGv2', 'Bearer MDz7gBjCiksGDqZQRqTNmr1gDpWjPNnEDfEz6F8HCxT10bqXkU'),
(72, 1, 'David Alvarez', '0703014006', 'davidalvarez@example.com', '$2b$12$KiA9s5gg3bN40tD7U1xwg.Pj1H5G9eI7wiCnrkeOUPH5Ls4epJGv2', 'Bearer KfY3A56qXuOVFYsRj14Lnvvf66T6em1RP1728Vg3XCX0uRkuV0'),
(73, 1, 'Paul Hawkins', '0706884684', 'paulhawkins@example.com', '$2b$12$KiA9s5gg3bN40tD7U1xwg.Pj1H5G9eI7wiCnrkeOUPH5Ls4epJGv2', 'Bearer gE1zazMtfXgdiNwF383NQkQVrTGOTMtmoewvXihMTbNCKMGyWx'),
(74, 1, 'Angela Vargas', '0901963040', 'angelavargas@example.com', '$2b$12$KiA9s5gg3bN40tD7U1xwg.Pj1H5G9eI7wiCnrkeOUPH5Ls4epJGv2', 'Bearer 55U19AyjhjigCiQTbBGn7JC83Rn3Z6uUrBLvFXB22rPNWpHzyg'),
(75, 1, 'Kimberly Osborn', '0907607728', 'kimberlyosborn@example.com', '$2b$12$KiA9s5gg3bN40tD7U1xwg.Pj1H5G9eI7wiCnrkeOUPH5Ls4epJGv2', 'Bearer QfC1oaNmQD2mXUU5gJWI9W36zVAPDol4lOOth9c9qnoUOfEXs6'),
(76, 1, 'Alex Gray', '0288418058', 'alexgray@example.com', '$2b$12$KiA9s5gg3bN40tD7U1xwg.Pj1H5G9eI7wiCnrkeOUPH5Ls4epJGv2', 'Bearer QLsS1tbCYrmAEG6csYFAH1KGpTlbvudPhwOWTjN5L1xdWeGAyD'),
(77, 1, 'Tracey Scott', '0708896756', 'traceyscott@example.com', '$2b$12$KiA9s5gg3bN40tD7U1xwg.Pj1H5G9eI7wiCnrkeOUPH5Ls4epJGv2', 'Bearer nu6tqeSVcozJODwBSctawsYrscQuAkz8CUiDH2QxhsGQv7Hf1V'),
(78, 1, 'Beth Gates', '0702041714', 'bethgates@example.com', '$2b$12$KiA9s5gg3bN40tD7U1xwg.Pj1H5G9eI7wiCnrkeOUPH5Ls4epJGv2', 'Bearer Nr4E72EWt7hTV2KzeYym2jE0ubmUsoiSV8lC4HDxGrNgP8IoyN'),
(79, 1, 'Dr. Jessica Hartman', '0903685758', 'dr.jessicahartman@example.com', '$2b$12$KiA9s5gg3bN40tD7U1xwg.Pj1H5G9eI7wiCnrkeOUPH5Ls4epJGv2', 'Bearer 1bVlfDR0LOPaIVYF1dbzNSPRAhIGBpeFicEFSVXWVjdBZ68u7O'),
(80, 1, 'Melissa Richards', '0707053322', 'melissarichards@example.com', '$2b$12$KiA9s5gg3bN40tD7U1xwg.Pj1H5G9eI7wiCnrkeOUPH5Ls4epJGv2', 'Bearer GE8YCgRpxvmR05pDlQEMJgNeXPMSMEV42ToZ6Acpbe8hGZrIkV'),
(81, 1, 'Brittany Mclaughlin', '0288217912', 'brittanymclaughlin@example.com', '$2b$12$KiA9s5gg3bN40tD7U1xwg.Pj1H5G9eI7wiCnrkeOUPH5Ls4epJGv2', 'Bearer k339ugm4MXtxBFXk0aTiH0BP3tw0WSzi1JQycyknaOAqWEItPk'),
(82, 1, 'Rodney Sanchez', '0280903812', 'rodneysanchez@example.com', '$2b$12$KiA9s5gg3bN40tD7U1xwg.Pj1H5G9eI7wiCnrkeOUPH5Ls4epJGv2', 'Bearer 38CcjqaNcaKCkJTgrXUuf3OjZLlt08hbDMcbbzWQIAvXiWtMh9'),
(83, 1, 'Allen Mays', '0281910548', 'allenmays@example.com', '$2b$12$KiA9s5gg3bN40tD7U1xwg.Pj1H5G9eI7wiCnrkeOUPH5Ls4epJGv2', 'Bearer JIolVjZgyQVdpUVFNGVW4YZsPRezP9EorfLxKdhJNIZf6WDgmj'),
(84, 1, 'Mary Garcia', '0701546338', 'marygarcia@example.com', '$2b$12$KiA9s5gg3bN40tD7U1xwg.Pj1H5G9eI7wiCnrkeOUPH5Ls4epJGv2', 'Bearer e3kSRONGIZvwUYrp8qy4aB7TgfNAvcNLYUhbtnqvZEmvQKzqVi'),
(85, 1, 'Seth Jackson', '0702610931', 'sethjackson@example.com', '$2b$12$KiA9s5gg3bN40tD7U1xwg.Pj1H5G9eI7wiCnrkeOUPH5Ls4epJGv2', 'Bearer GsXpLMhLCp3o2dtEztMZOGxqx6ni81bM4bVFiypPp6sAAZc6Jt'),
(86, 1, 'Traci Gibbs', '0908931737', 'tracigibbs@example.com', '$2b$12$KiA9s5gg3bN40tD7U1xwg.Pj1H5G9eI7wiCnrkeOUPH5Ls4epJGv2', 'Bearer sguIOV9UNR6YrQP9IGAg7MS1Ejpl4Z54zixe9kCY0Kxqjo6UWg'),
(87, 1, 'Bryan Everett', '0902816937', 'bryaneverett@example.com', '$2b$12$KiA9s5gg3bN40tD7U1xwg.Pj1H5G9eI7wiCnrkeOUPH5Ls4epJGv2', 'Bearer yHGQpE6iG11a3BPXiADVmUC1Bn4tsmSDPCFr5lPfY2oBSqw4dr'),
(88, 1, 'Shawn Garcia', '0909352127', 'shawngarcia@example.com', '$2b$12$KiA9s5gg3bN40tD7U1xwg.Pj1H5G9eI7wiCnrkeOUPH5Ls4epJGv2', 'Bearer sRS7sfoW3msiRWmYPI0Qh8DhsUiHLyrE5jd6BlmsZnyxybI2cu'),
(89, 1, 'Bridget Watkins', '0705478074', 'bridgetwatkins@example.com', '$2b$12$KiA9s5gg3bN40tD7U1xwg.Pj1H5G9eI7wiCnrkeOUPH5Ls4epJGv2', 'Bearer yNHv5V8nVrlWHvTTnvoVTHPyaKeyT8X0SNzQYpGlP8XmzCcQov'),
(90, 1, 'Andrew Reyes', '0900793022', 'andrewreyes@example.com', '$2b$12$KiA9s5gg3bN40tD7U1xwg.Pj1H5G9eI7wiCnrkeOUPH5Ls4epJGv2', 'Bearer A9QZoT7txwSqAAYQl3qpnRzY0mPfrnR4VyU0qvNb7ee2flrXcF'),
(91, 1, 'Elizabeth Phelps', '0909145080', 'elizabethphelps@example.com', '$2b$12$KiA9s5gg3bN40tD7U1xwg.Pj1H5G9eI7wiCnrkeOUPH5Ls4epJGv2', 'Bearer z5WScXcg3EKaIYhp9OgWG8h5xdAB0c3zLb3R8dpSi5PuVZHtdR'),
(92, 1, 'Chris Drake', '0703419451', 'chrisdrake@example.com', '$2b$12$KiA9s5gg3bN40tD7U1xwg.Pj1H5G9eI7wiCnrkeOUPH5Ls4epJGv2', 'Bearer dpTg83x29SS9T1dSXl4o9TBX23GV3PFwdKbN2bu8sS3xH7tgqp'),
(93, 1, 'Valerie Nguyen MD', '0280013865', 'valerienguyenmd@example.com', '$2b$12$KiA9s5gg3bN40tD7U1xwg.Pj1H5G9eI7wiCnrkeOUPH5Ls4epJGv2', 'Bearer U0HMIX3pQQcaeiijMbkMsncyc5Qk8beKNMN6OwXr8cjUfHl1Zx'),
(94, 1, 'Dustin Smith', '0709003230', 'dustinsmith@example.com', '$2b$12$KiA9s5gg3bN40tD7U1xwg.Pj1H5G9eI7wiCnrkeOUPH5Ls4epJGv2', 'Bearer 4ApAu7JujYVMcehwmMuQOax7KQHAmHqzaPaUthcYVWPOWUYIrm'),
(95, 1, 'Deborah Olson', '0706818259', 'deboraholson@example.com', '$2b$12$KiA9s5gg3bN40tD7U1xwg.Pj1H5G9eI7wiCnrkeOUPH5Ls4epJGv2', 'Bearer 0gYUblqdP1RRdDh6IflAf2ZsiC8T5VN7c6LnSB9rybE6sHCBdL'),
(96, 1, 'Valerie Watts', '0707208455', 'valeriewatts@example.com', '$2b$12$KiA9s5gg3bN40tD7U1xwg.Pj1H5G9eI7wiCnrkeOUPH5Ls4epJGv2', 'Bearer aQUvVi2X7wLkpk9ETKEtriVo2noa0AOrmiMpAZU2COgCrIZsSv'),
(97, 1, 'Lorraine Douglas', '0288878383', 'lorrainedouglas@example.com', '$2b$12$KiA9s5gg3bN40tD7U1xwg.Pj1H5G9eI7wiCnrkeOUPH5Ls4epJGv2', 'Bearer jFQ1RJvvzO0eTjSgR07eP7MZxnSowMQhp9tiKgvsCX93knNpxE'),
(98, 1, 'Emma Jones', '0706508945', 'emmajones@example.com', '$2b$12$KiA9s5gg3bN40tD7U1xwg.Pj1H5G9eI7wiCnrkeOUPH5Ls4epJGv2', 'Bearer pGb9f9esdmWGpPA6e7ERYHW7KYCg28JsPoCg6WNqZGSTymp6wv'),
(99, 1, 'Stephen Moore', '0709615310', 'stephenmoore@example.com', '$2b$12$KiA9s5gg3bN40tD7U1xwg.Pj1H5G9eI7wiCnrkeOUPH5Ls4epJGv2', 'Bearer bcZkYky0f7QW3tVBIXWpvvTgBI3ik0ml8NhfxP5wiDA1munzUq'),
(100, 1, 'Beth Riddle', '0902861576', 'bethriddle@example.com', '$2b$12$KiA9s5gg3bN40tD7U1xwg.Pj1H5G9eI7wiCnrkeOUPH5Ls4epJGv2', 'Bearer 9pL0GabvpGJrEq0miiY0Xg9t6Mxf8Y9TTSrTpXAN78vxaXV6I2'),
(101, 2, 'Courtney Wright', '0283438899', 'courtneywright@example.com', '$2b$12$KiA9s5gg3bN40tD7U1xwg.Pj1H5G9eI7wiCnrkeOUPH5Ls4epJGv2', 'Bearer APWh9XD6SOviYa2EU5MiSGI6BOvVBAvekaefXh15y0AZ4Rcdvq'),
(102, 2, 'Vincent Herrera', '0903063662', 'vincentherrera@example.com', '$2b$12$KiA9s5gg3bN40tD7U1xwg.Pj1H5G9eI7wiCnrkeOUPH5Ls4epJGv2', 'Bearer rXC31Cl4lvxSpUavl8c51uDNIS8Hg2H9UPAYEMxoH7wm3fkSFg'),
(103, 2, 'Chad Harper', '0289461171', 'chadharper@example.com', '$2b$12$KiA9s5gg3bN40tD7U1xwg.Pj1H5G9eI7wiCnrkeOUPH5Ls4epJGv2', 'Bearer eKiD92L8WZKix2PjOORqKDipDTpU4ivGEDVKta1UMraKZ9uTfR'),
(104, 2, 'Brandy James', '0709585286', 'brandyjames@example.com', '$2b$12$KiA9s5gg3bN40tD7U1xwg.Pj1H5G9eI7wiCnrkeOUPH5Ls4epJGv2', 'Bearer wNYdCnoMwQacX4UDep9Lp7xbeZAJ8iLjUAAUKP0McM4zzpg2n0'),
(105, 2, 'Stephanie Jones', '0288360247', 'stephaniejones@example.com', '$2b$12$KiA9s5gg3bN40tD7U1xwg.Pj1H5G9eI7wiCnrkeOUPH5Ls4epJGv2', 'Bearer VJxeLQZRU74gSGFfed6MmT9mgDvX2zz1f1Wng2SrLYC4BIlbHB'),
(106, 2, 'Krystal Martin', '0286667308', 'krystalmartin@example.com', '$2b$12$KiA9s5gg3bN40tD7U1xwg.Pj1H5G9eI7wiCnrkeOUPH5Ls4epJGv2', 'Bearer xXsC6Q9DjYn5M7K47J2CDurmPKSq539wleKDeNLI8glfQR4wFi'),
(107, 2, 'Arthur Nash', '0907407724', 'arthurnash@example.com', '$2b$12$KiA9s5gg3bN40tD7U1xwg.Pj1H5G9eI7wiCnrkeOUPH5Ls4epJGv2', 'Bearer CtfwNYV2rYcY8uKgfb187AaZHIMhWcX5vmfmovShACAONxRmIn'),
(108, 2, 'Gary Dunn', '0284910756', 'garydunn@example.com', '$2b$12$KiA9s5gg3bN40tD7U1xwg.Pj1H5G9eI7wiCnrkeOUPH5Ls4epJGv2', 'Bearer fvEm7JjgoV4NvRGodSKXCxU2sx1RL1NYdGDEEsHFf3rncXeixr'),
(109, 2, 'Robert Johnson', '0906980387', 'robertjohnson@example.com', '$2b$12$KiA9s5gg3bN40tD7U1xwg.Pj1H5G9eI7wiCnrkeOUPH5Ls4epJGv2', 'Bearer md2HT6iAPplmU7BdRG9rqoqJSHCxBKHesAcWFiKaoqrulhHQ3a'),
(110, 2, 'Allison Welch', '0903534787', 'allisonwelch@example.com', '$2b$12$KiA9s5gg3bN40tD7U1xwg.Pj1H5G9eI7wiCnrkeOUPH5Ls4epJGv2', 'Bearer WOtyTgx03JzPiW1Ewqv31FQ2hrMft9j9oKLC635hlmM9kHc0PI'),
(111, 3, 'Crystal James', '0707604988', 'crystaljames@example.com', '$2b$12$KiA9s5gg3bN40tD7U1xwg.Pj1H5G9eI7wiCnrkeOUPH5Ls4epJGv2', 'Bearer YMYeb3QJOKg8Ot6Lg9vFC3JuCp65fyC0u9Z3aVZxshaiYIzta5'),
(112, 3, 'Ryan Harrell', '0706450575', 'ryanharrell@example.com', '$2b$12$KiA9s5gg3bN40tD7U1xwg.Pj1H5G9eI7wiCnrkeOUPH5Ls4epJGv2', 'Bearer BRduHr8QBATbEKGAftovxDMjAQJStbgN57dFmHg1BKRosonyxS'),
(113, 3, 'Christian Smith', '0280085929', 'christiansmith@example.com', '$2b$12$KiA9s5gg3bN40tD7U1xwg.Pj1H5G9eI7wiCnrkeOUPH5Ls4epJGv2', 'Bearer 8hUAKjspHNgahl98AhvRuJtoZIlsRjEjDa8OsnjLgtJ1C1V4qw'),
(114, 3, 'Erik Dorsey', '0288288056', 'erikdorsey@example.com', '$2b$12$KiA9s5gg3bN40tD7U1xwg.Pj1H5G9eI7wiCnrkeOUPH5Ls4epJGv2', 'Bearer cQdC7rpMllc0t3uOhwAqxVskIOJ4Ab1OBLNAZ9lm66htnmkrKV'),
(115, 3, 'Stephanie Stein', '0904149594', 'stephaniestein@example.com', '$2b$12$KiA9s5gg3bN40tD7U1xwg.Pj1H5G9eI7wiCnrkeOUPH5Ls4epJGv2', 'Bearer 7AVNLGWt0JkzKNvKtPsHI18alb5abt7aNgSv3JnaUxKCCgPDb9'),
(116, 3, 'Renee Johnson', '0700904894', 'reneejohnson@example.com', '$2b$12$KiA9s5gg3bN40tD7U1xwg.Pj1H5G9eI7wiCnrkeOUPH5Ls4epJGv2', 'Bearer 2GQyNcO6t27Aetp27lxf3kzAZNEzKwYPjATemhd6GIhxTkmCwA'),
(117, 3, 'Jessica Khan', '0907666290', 'jessicakhan@example.com', '$2b$12$KiA9s5gg3bN40tD7U1xwg.Pj1H5G9eI7wiCnrkeOUPH5Ls4epJGv2', 'Bearer 55jFYq0L3hc8mZy8NoSL7ohckhLxc6GWDUzvFrsUoot6N5dK3K'),
(118, 3, 'David Gibson', '0906280660', 'davidgibson@example.com', '$2b$12$KiA9s5gg3bN40tD7U1xwg.Pj1H5G9eI7wiCnrkeOUPH5Ls4epJGv2', 'Bearer Sylb7dtNG7wt7O3t9ipO6GrYZZaXRgnuaDD5gGhZdhhtvXkFML'),
(119, 3, 'Pedro Gregory', '0282752605', 'pedrogregory@example.com', '$2b$12$KiA9s5gg3bN40tD7U1xwg.Pj1H5G9eI7wiCnrkeOUPH5Ls4epJGv2', 'Bearer bqRlt1SED5NuQQvSUXeVHXMUAShKJNHMJTlQ0OdCmoYeBZdLLG'),
(120, 3, 'William Savage', '0901450558', 'williamsavage@example.com', '$2b$12$KiA9s5gg3bN40tD7U1xwg.Pj1H5G9eI7wiCnrkeOUPH5Ls4epJGv2', 'Bearer 7iXSr8sEu4adgwPfHOZ44j62JbS4n5ezJlbcHcP6ztkPcMhegM'),
(121, 4, 'Admin User', '0909090909', 'admin@test.com', '$2b$12$E0K0nBIVEhvGp04uqfO7aO4HOum85uDKsv.kqisXkKbWgzwrOwody', 'Bearer VGSnJWZP1HemGIv8dLj345fqxP2IwBvTqYRr2yNV3suR4qaBDt');


/*!40101 SET SQL_MODE=@OLD_SQL_MODE */;
/*!40014 SET FOREIGN_KEY_CHECKS=@OLD_FOREIGN_KEY_CHECKS */;
/*!40014 SET UNIQUE_CHECKS=@OLD_UNIQUE_CHECKS */;
/*!40101 SET CHARACTER_SET_CLIENT=@OLD_CHARACTER_SET_CLIENT */;
/*!40101 SET CHARACTER_SET_RESULTS=@OLD_CHARACTER_SET_RESULTS */;
/*!40101 SET COLLATION_CONNECTION=@OLD_COLLATION_CONNECTION */;
/*!40111 SET SQL_NOTES=@OLD_SQL_NOTES */;